Status of existing checking account,Duration in month,Credit history,Purpose,Credit amount,Savings account/bonds,Present employment since,Installment rate in percentage of disposable income,Personal status and sex,Other debtors / guarantors,Present residence since,Property,Age in years,Other installment plans,Housing,Number of existing credits at this bank,Job,Number of people being liable to provide maintenance for,Telephone,foreign worker
... < 0 DM,0.029411764705882346,critical account/ other credits existing (not at this bank),radio/television,0.0505667436997909,unknown/ no savings account,>= 7 years,1.0,male : single,none,1.0,real estate,0.8571428571428572,none,own,0.3333333333333333,skilled employee / official,0.0,"yes, registered under the customers name",yes
0 <= ... < 200 DM,0.6470588235294117,existing credits paid back duly till now,radio/television,0.3136898866512601,... < 100 DM,1 <= ... < 4 years,0.3333333333333333,female : divorced/separated/married,none,0.3333333333333333,real estate,0.0535714285714286,none,own,0.0,skilled employee / official,0.0,none,yes
no checking account,0.1176470588235294,critical account/ other credits existing (not at this bank),education,0.10157367668097282,... < 100 DM,4 <= ... < 7 years,0.3333333333333333,male : single,none,0.6666666666666667,real estate,0.5357142857142858,none,own,0.0,unskilled - resident,1.0,none,yes
... < 0 DM,0.5588235294117647,existing credits paid back duly till now,furniture/equipment,0.4199405744470122,... < 100 DM,4 <= ... < 7 years,0.3333333333333333,male : single,guarantor,1.0,building society savings agreement/ life insurance,0.46428571428571425,none,for free,0.0,skilled employee / official,1.0,none,yes
... < 0 DM,0.2941176470588235,delay in paying off in the past,car (new),0.25420931000330144,... < 100 DM,1 <= ... < 4 years,0.6666666666666667,male : single,none,1.0,unknown / no property,0.6071428571428572,none,for free,0.3333333333333333,skilled employee / official,1.0,none,yes
no checking account,0.47058823529411764,existing credits paid back duly till now,education,0.4844833278309673,unknown/ no savings account,1 <= ... < 4 years,0.3333333333333333,male : single,none,1.0,unknown / no property,0.28571428571428575,none,for free,0.0,unskilled - resident,1.0,"yes, registered under the customers name",yes
no checking account,0.2941176470588235,existing credits paid back duly till now,furniture/equipment,0.14223616154946628,500 <= ... < 1000 DM,>= 7 years,0.6666666666666667,male : single,none,1.0,building society savings agreement/ life insurance,0.6071428571428572,none,own,0.0,skilled employee / official,0.0,none,yes
0 <= ... < 200 DM,0.47058823529411764,existing credits paid back duly till now,car (used),0.3685484758446132,... < 100 DM,1 <= ... < 4 years,0.3333333333333333,male : single,none,0.3333333333333333,"car or other, not in attribute 6",0.28571428571428575,none,rent,0.0,management/ self-employed/ highly qualified employee/ officer,0.0,"yes, registered under the customers name",yes
no checking account,0.1176470588235294,existing credits paid back duly till now,radio/television,0.15456146142841423,>= 1000 DM,4 <= ... < 7 years,0.3333333333333333,male : divorced/separated,none,1.0,real estate,0.75,none,own,0.0,unskilled - resident,0.0,none,yes
0 <= ... < 200 DM,0.38235294117647056,critical account/ other credits existing (not at this bank),car (new),0.27423792230659183,... < 100 DM,unemployed,1.0,male : married/widowed,none,0.3333333333333333,"car or other, not in attribute 6",0.16071428571428575,none,own,0.3333333333333333,management/ self-employed/ highly qualified employee/ officer,0.0,none,yes
0 <= ... < 200 DM,0.1176470588235294,existing credits paid back duly till now,car (new),0.05749972488169913,... < 100 DM,< 1 year,0.6666666666666667,female : divorced/separated/married,none,0.0,"car or other, not in attribute 6",0.10714285714285715,none,rent,0.0,skilled employee / official,0.0,none,yes
... < 0 DM,0.6470588235294117,existing credits paid back duly till now,business,0.22328601298558381,... < 100 DM,< 1 year,0.6666666666666667,female : divorced/separated/married,none,1.0,building society savings agreement/ life insurance,0.0892857142857143,none,rent,0.0,skilled employee / official,0.0,none,yes
0 <= ... < 200 DM,0.1176470588235294,existing credits paid back duly till now,radio/television,0.07246616044899307,... < 100 DM,1 <= ... < 4 years,0.0,female : divorced/separated/married,none,0.0,"car or other, not in attribute 6",0.0535714285714286,none,own,0.0,skilled employee / official,0.0,"yes, registered under the customers name",yes
... < 0 DM,0.2941176470588235,critical account/ other credits existing (not at this bank),car (new),0.052217453505007144,... < 100 DM,>= 7 years,1.0,male : single,none,1.0,"car or other, not in attribute 6",0.7321428571428572,none,own,0.3333333333333333,unskilled - resident,0.0,none,yes
... < 0 DM,0.16176470588235292,existing credits paid back duly till now,car (new),0.06344228018047761,... < 100 DM,1 <= ... < 4 years,0.3333333333333333,female : divorced/separated/married,none,1.0,"car or other, not in attribute 6",0.16071428571428575,none,rent,0.0,skilled employee / official,0.0,none,yes
... < 0 DM,0.2941176470588235,existing credits paid back duly till now,radio/television,0.056784417299438755,100 <= ... < 500 DM,1 <= ... < 4 years,1.0,female : divorced/separated/married,none,0.3333333333333333,"car or other, not in attribute 6",0.23214285714285715,none,own,0.0,unskilled - resident,0.0,none,yes
no checking account,0.2941176470588235,critical account/ other credits existing (not at this bank),radio/television,0.11962143721800374,unknown/ no savings account,>= 7 years,1.0,male : single,none,1.0,building society savings agreement/ life insurance,0.6071428571428572,none,own,0.3333333333333333,skilled employee / official,0.0,none,yes
... < 0 DM,0.38235294117647056,no credits taken/ all credits paid back duly,business,0.43039506988004844,unknown/ no savings account,< 1 year,0.3333333333333333,male : single,none,0.6666666666666667,"car or other, not in attribute 6",0.10714285714285715,bank,own,0.6666666666666667,skilled employee / official,0.0,none,yes
0 <= ... < 200 DM,0.2941176470588235,existing credits paid back duly till now,car (used),0.6783867062837019,... < 100 DM,>= 7 years,1.0,female : divorced/separated/married,none,0.3333333333333333,unknown / no property,0.44642857142857145,none,for free,0.0,management/ self-employed/ highly qualified employee/ officer,0.0,"yes, registered under the customers name",yes
no checking account,0.2941176470588235,existing credits paid back duly till now,radio/television,0.17497523935292178,500 <= ... < 1000 DM,>= 7 years,0.6666666666666667,male : single,none,0.3333333333333333,"car or other, not in attribute 6",0.21428571428571425,none,own,0.0,skilled employee / official,1.0,"yes, registered under the customers name",yes
no checking account,0.07352941176470588,critical account/ other credits existing (not at this bank),car (new),0.10366457576758006,... < 100 DM,1 <= ... < 4 years,1.0,male : single,none,1.0,"car or other, not in attribute 6",0.5178571428571428,none,own,0.6666666666666667,skilled employee / official,0.0,"yes, registered under the customers name",yes
... < 0 DM,0.029411764705882346,existing credits paid back duly till now,radio/television,0.13189171343677783,500 <= ... < 1000 DM,1 <= ... < 4 years,0.3333333333333333,male : single,none,0.6666666666666667,real estate,0.44642857142857145,none,rent,0.0,skilled employee / official,1.0,none,yes
... < 0 DM,0.08823529411764706,critical account/ other credits existing (not at this bank),car (new),0.10955210740618465,... < 100 DM,< 1 year,0.0,male : single,none,0.6666666666666667,real estate,0.5178571428571428,none,rent,0.3333333333333333,unskilled - resident,1.0,none,no
0 <= ... < 200 DM,0.1176470588235294,critical account/ other credits existing (not at this bank),car (used),0.08550676791020138,100 <= ... < 500 DM,< 1 year,0.6666666666666667,male : single,none,1.0,building society savings agreement/ life insurance,0.44642857142857145,none,own,0.0,skilled employee / official,0.0,none,yes
no checking account,0.08823529411764706,critical account/ other credits existing (not at this bank),furniture/equipment,0.10008803785627819,unknown/ no savings account,1 <= ... < 4 years,0.3333333333333333,male : married/widowed,none,0.0,"car or other, not in attribute 6",0.125,none,own,0.3333333333333333,skilled employee / official,0.0,none,no
... < 0 DM,0.029411764705882346,existing credits paid back duly till now,furniture/equipment,0.06184659403543523,... < 100 DM,1 <= ... < 4 years,0.0,male : single,none,0.3333333333333333,real estate,0.30357142857142855,bank,own,0.0,unskilled - resident,0.0,"yes, registered under the customers name",yes
no checking account,0.029411764705882346,no credits taken/ all credits paid back duly,radio/television,0.00968416419060196,... < 100 DM,>= 7 years,1.0,male : married/widowed,none,1.0,"car or other, not in attribute 6",0.35714285714285715,none,own,0.0,unskilled - resident,0.0,none,yes
... >= 200 DM / salary assignments for at least 1 year,0.1176470588235294,all credits at this bank paid back duly,radio/television,0.008748761967646089,>= 1000 DM,1 <= ... < 4 years,0.6666666666666667,female : divorced/separated/married,none,0.6666666666666667,real estate,0.41071428571428575,none,rent,0.3333333333333333,skilled employee / official,0.0,none,yes
0 <= ... < 200 DM,0.044117647058823525,existing credits paid back duly till now,radio/television,0.11912622427643886,... < 100 DM,1 <= ... < 4 years,0.6666666666666667,male : single,guarantor,0.3333333333333333,real estate,0.26785714285714285,none,own,0.0,skilled employee / official,0.0,none,yes
... < 0 DM,0.8235294117647058,delay in paying off in the past,business,0.36238582590513924,... < 100 DM,>= 7 years,0.6666666666666667,male : single,none,1.0,unknown / no property,0.7857142857142858,none,own,0.3333333333333333,skilled employee / official,0.0,"yes, registered under the customers name",yes
0 <= ... < 200 DM,0.20588235294117646,existing credits paid back duly till now,business,0.09150434686915374,>= 1000 DM,< 1 year,0.6666666666666667,male : married/widowed,none,0.6666666666666667,real estate,0.30357142857142855,bank,own,0.0,skilled employee / official,0.0,"yes, registered under the customers name",yes
... < 0 DM,0.2941176470588235,existing credits paid back duly till now,furniture/equipment,0.20743919885550788,... < 100 DM,1 <= ... < 4 years,0.3333333333333333,male : single,none,0.3333333333333333,"car or other, not in attribute 6",0.14285714285714285,stores,own,0.0,skilled employee / official,0.0,none,yes
0 <= ... < 200 DM,0.20588235294117646,existing credits paid back duly till now,car (new),0.3090128755364807,100 <= ... < 500 DM,1 <= ... < 4 years,0.3333333333333333,male : single,none,0.3333333333333333,"car or other, not in attribute 6",0.19642857142857145,none,own,0.3333333333333333,skilled employee / official,0.0,"yes, registered under the customers name",yes
no checking account,0.1176470588235294,critical account/ other credits existing (not at this bank),business,0.055793991416309016,unknown/ no savings account,>= 7 years,1.0,male : single,none,1.0,unknown / no property,0.6785714285714286,none,rent,0.0,unskilled - resident,0.0,none,yes
... >= 200 DM / salary assignments for at least 1 year,0.1176470588235294,existing credits paid back duly till now,furniture/equipment,0.06734896005282272,... < 100 DM,< 1 year,1.0,female : divorced/separated/married,none,0.0,building society savings agreement/ life insurance,0.25000000000000006,bank,own,0.0,management/ self-employed/ highly qualified employee/ officer,0.0,"yes, registered under the customers name",yes
0 <= ... < 200 DM,0.6029411764705882,critical account/ other credits existing (not at this bank),radio/television,0.24738637614174097,... < 100 DM,< 1 year,1.0,male : single,none,0.3333333333333333,building society savings agreement/ life insurance,0.10714285714285715,none,own,0.3333333333333333,unskilled - resident,0.0,none,yes
no checking account,0.6470588235294117,critical account/ other credits existing (not at this bank),education,0.32243864861890614,... < 100 DM,1 <= ... < 4 years,0.0,male : single,none,0.6666666666666667,unknown / no property,0.21428571428571425,bank,for free,0.0,skilled employee / official,0.0,"yes, registered under the customers name",yes
... >= 200 DM / salary assignments for at least 1 year,0.20588235294117646,existing credits paid back duly till now,radio/television,0.10179377132166832,... < 100 DM,1 <= ... < 4 years,1.0,male : single,co-applicant,0.3333333333333333,real estate,0.32142857142857145,stores,own,0.0,skilled employee / official,0.0,none,yes
... >= 200 DM / salary assignments for at least 1 year,0.08823529411764706,existing credits paid back duly till now,domestic appliances,0.0536480686695279,... < 100 DM,1 <= ... < 4 years,0.3333333333333333,male : single,none,0.3333333333333333,"car or other, not in attribute 6",0.32142857142857145,none,own,0.0,skilled employee / official,0.0,"yes, registered under the customers name",yes
0 <= ... < 200 DM,0.07352941176470588,existing credits paid back duly till now,radio/television,0.011444921316165951,... < 100 DM,1 <= ... < 4 years,1.0,male : single,none,0.6666666666666667,real estate,0.0892857142857143,none,own,0.0,skilled employee / official,0.0,none,yes
no checking account,0.38235294117647056,existing credits paid back duly till now,radio/television,0.11461428414218112,500 <= ... < 1000 DM,>= 7 years,1.0,male : single,none,0.3333333333333333,"car or other, not in attribute 6",0.19642857142857145,bank,own,0.0,management/ self-employed/ highly qualified employee/ officer,0.0,none,yes
0 <= ... < 200 DM,0.1176470588235294,existing credits paid back duly till now,radio/television,0.04996148343787829,500 <= ... < 1000 DM,1 <= ... < 4 years,0.6666666666666667,male : divorced/separated,none,0.0,"car or other, not in attribute 6",0.125,none,own,0.0,skilled employee / official,0.0,"yes, registered under the customers name",yes
0 <= ... < 200 DM,0.20588235294117646,delay in paying off in the past,repairs,0.32761087267525035,... < 100 DM,1 <= ... < 4 years,0.3333333333333333,male : single,none,1.0,real estate,0.44642857142857145,none,own,0.0,unskilled - resident,1.0,"yes, registered under the customers name",yes
... < 0 DM,0.38235294117647056,critical account/ other credits existing (not at this bank),car (used),0.3266754704522945,100 <= ... < 500 DM,4 <= ... < 7 years,0.0,male : married/widowed,none,1.0,"car or other, not in attribute 6",0.0892857142857143,none,rent,0.3333333333333333,skilled employee / official,0.0,none,yes
... < 0 DM,0.6470588235294117,critical account/ other credits existing (not at this bank),car (used),0.324254429404644,... < 100 DM,>= 7 years,1.0,female : divorced/separated/married,none,1.0,unknown / no property,0.6964285714285714,stores,for free,0.3333333333333333,unskilled - resident,0.0,none,yes
no checking account,0.10294117647058824,critical account/ other credits existing (not at this bank),car (new),0.06289204357873886,... < 100 DM,< 1 year,1.0,female : divorced/separated/married,none,1.0,"car or other, not in attribute 6",0.28571428571428575,none,own,0.3333333333333333,management/ self-employed/ highly qualified employee/ officer,0.0,none,yes
no checking account,0.47058823529411764,existing credits paid back duly till now,radio/television,0.1127434796962694,500 <= ... < 1000 DM,>= 7 years,1.0,male : single,none,1.0,"car or other, not in attribute 6",0.35714285714285715,none,own,0.0,skilled employee / official,0.0,none,yes
... < 0 DM,0.029411764705882346,existing credits paid back duly till now,car (used),0.06063607351160999,500 <= ... < 1000 DM,unemployed,0.0,female : divorced/separated/married,none,0.3333333333333333,building society savings agreement/ life insurance,0.07142857142857145,none,rent,0.0,unemployed/ unskilled - non-resident,0.0,"yes, registered under the customers name",yes
no checking account,0.10294117647058824,critical account/ other credits existing (not at this bank),car (new),0.38395510069329813,... < 100 DM,1 <= ... < 4 years,0.0,male : single,none,1.0,building society savings agreement/ life insurance,0.35714285714285715,none,own,0.3333333333333333,unskilled - resident,0.0,none,yes
no checking account,0.1176470588235294,existing credits paid back duly till now,radio/television,0.10030813249697369,100 <= ... < 500 DM,1 <= ... < 4 years,1.0,female : divorced/separated/married,co-applicant,0.3333333333333333,real estate,0.16071428571428575,none,own,0.0,skilled employee / official,0.0,none,yes
0 <= ... < 200 DM,0.2941176470588235,delay in paying off in the past,furniture/equipment,0.11461428414218112,unknown/ no savings account,< 1 year,1.0,male : single,none,0.3333333333333333,building society savings agreement/ life insurance,0.17857142857142855,bank,own,0.0,unskilled - resident,0.0,none,yes
0 <= ... < 200 DM,0.338235294117647,delay in paying off in the past,car (used),0.3144602178936943,... < 100 DM,>= 7 years,0.0,male : single,none,0.3333333333333333,"car or other, not in attribute 6",0.19642857142857145,none,own,0.3333333333333333,management/ self-employed/ highly qualified employee/ officer,0.0,"yes, registered under the customers name",yes
no checking account,0.1176470588235294,existing credits paid back duly till now,radio/television,0.055683944095961266,... < 100 DM,1 <= ... < 4 years,0.6666666666666667,male : single,none,0.3333333333333333,"car or other, not in attribute 6",0.10714285714285715,none,own,0.0,skilled employee / official,0.0,none,yes
no checking account,0.20588235294117646,existing credits paid back duly till now,car (used),0.17211400902388027,unknown/ no savings account,1 <= ... < 4 years,0.3333333333333333,male : single,none,0.0,building society savings agreement/ life insurance,0.21428571428571425,none,own,0.0,skilled employee / official,0.0,"yes, registered under the customers name",yes
0 <= ... < 200 DM,0.47058823529411764,delay in paying off in the past,car (new),0.10867172884340266,... < 100 DM,>= 7 years,1.0,male : single,none,1.0,unknown / no property,0.6785714285714286,bank,for free,0.3333333333333333,skilled employee / official,0.0,"yes, registered under the customers name",yes
no checking account,0.029411764705882346,all credits at this bank paid back duly,car (new),0.029327610872675252,unknown/ no savings account,1 <= ... < 4 years,0.0,male : single,guarantor,0.3333333333333333,real estate,0.125,stores,own,0.0,unskilled - resident,1.0,none,yes
0 <= ... < 200 DM,0.1176470588235294,existing credits paid back duly till now,radio/television,0.3421371189611533,unknown/ no savings account,unemployed,0.3333333333333333,male : single,none,0.0,unknown / no property,0.5892857142857142,none,own,0.0,management/ self-employed/ highly qualified employee/ officer,0.0,"yes, registered under the customers name",yes
no checking account,0.47058823529411764,critical account/ other credits existing (not at this bank),radio/television,0.5126004181798173,... < 100 DM,1 <= ... < 4 years,0.3333333333333333,female : divorced/separated/married,none,0.3333333333333333,"car or other, not in attribute 6",0.21428571428571425,stores,own,0.3333333333333333,skilled employee / official,0.0,none,yes
... >= 200 DM / salary assignments for at least 1 year,0.20588235294117646,existing credits paid back duly till now,car (new),0.09414548255749973,... < 100 DM,>= 7 years,0.6666666666666667,female : divorced/separated/married,none,0.3333333333333333,"car or other, not in attribute 6",0.07142857142857145,none,own,0.0,management/ self-employed/ highly qualified employee/ officer,0.0,none,yes
... < 0 DM,0.47058823529411764,critical account/ other credits existing (not at this bank),furniture/equipment,0.32898646417959726,... < 100 DM,< 1 year,1.0,female : divorced/separated/married,co-applicant,1.0,unknown / no property,0.07142857142857145,none,rent,0.3333333333333333,unskilled - resident,0.0,"yes, registered under the customers name",yes
0 <= ... < 200 DM,0.07352941176470588,existing credits paid back duly till now,business,0.0627819962583911,... < 100 DM,1 <= ... < 4 years,0.3333333333333333,male : married/widowed,none,0.0,real estate,0.14285714285714285,bank,own,0.0,skilled employee / official,0.0,"yes, registered under the customers name",yes
0 <= ... < 200 DM,0.16176470588235292,critical account/ other credits existing (not at this bank),radio/television,0.07081545064377683,unknown/ no savings account,>= 7 years,1.0,male : single,guarantor,1.0,real estate,0.5535714285714286,none,own,0.3333333333333333,skilled employee / official,0.0,"yes, registered under the customers name",yes
0 <= ... < 200 DM,0.47058823529411764,no credits taken/ all credits paid back duly,business,0.09370529327610873,... < 100 DM,>= 7 years,1.0,male : single,none,1.0,unknown / no property,0.75,none,for free,0.0,management/ self-employed/ highly qualified employee/ officer,0.0,"yes, registered under the customers name",yes
0 <= ... < 200 DM,0.6470588235294117,no credits taken/ all credits paid back duly,business,0.7797402883239792,... < 100 DM,1 <= ... < 4 years,0.3333333333333333,male : single,none,0.3333333333333333,"car or other, not in attribute 6",0.10714285714285715,none,own,0.0,skilled employee / official,0.0,"yes, registered under the customers name",yes
no checking account,0.2941176470588235,existing credits paid back duly till now,radio/television,0.16127434796962695,... < 100 DM,< 1 year,1.0,female : divorced/separated/married,none,1.0,building society savings agreement/ life insurance,0.125,none,own,0.0,skilled employee / official,0.0,"yes, registered under the customers name",yes
no checking account,0.338235294117647,existing credits paid back duly till now,repairs,0.2718168812589414,unknown/ no savings account,>= 7 years,1.0,male : single,none,1.0,building society savings agreement/ life insurance,0.5178571428571428,none,own,1.0,skilled employee / official,1.0,"yes, registered under the customers name",yes
no checking account,0.1176470588235294,existing credits paid back duly till now,radio/television,0.10570045119401342,... < 100 DM,< 1 year,0.3333333333333333,female : divorced/separated/married,none,0.3333333333333333,"car or other, not in attribute 6",0.17857142857142855,bank,own,0.0,skilled employee / official,0.0,none,yes
0 <= ... < 200 DM,0.1176470588235294,existing credits paid back duly till now,car (new),0.041652910751623196,>= 1000 DM,1 <= ... < 4 years,1.0,male : married/widowed,none,0.0,real estate,0.0535714285714286,none,own,0.0,skilled employee / official,0.0,none,yes
no checking account,0.47058823529411764,existing credits paid back duly till now,education,0.08633212281280951,... < 100 DM,1 <= ... < 4 years,1.0,male : single,none,1.0,unknown / no property,0.32142857142857145,stores,for free,0.0,skilled employee / official,0.0,"yes, registered under the customers name",yes
no checking account,0.47058823529411764,existing credits paid back duly till now,radio/television,0.11797072741278751,unknown/ no savings account,1 <= ... < 4 years,1.0,female : divorced/separated/married,none,1.0,"car or other, not in attribute 6",0.10714285714285715,none,own,0.0,skilled employee / official,0.0,none,yes
no checking account,0.47058823529411764,existing credits paid back duly till now,car (used),0.4337515131506548,... < 100 DM,1 <= ... < 4 years,0.0,female : divorced/separated/married,none,0.3333333333333333,building society savings agreement/ life insurance,0.19642857142857145,bank,own,0.0,skilled employee / official,0.0,none,yes
no checking account,0.044117647058823525,critical account/ other credits existing (not at this bank),radio/television,0.02641135688345989,unknown/ no savings account,>= 7 years,1.0,male : single,none,0.3333333333333333,building society savings agreement/ life insurance,0.48214285714285715,none,rent,0.3333333333333333,unskilled - resident,0.0,"yes, registered under the customers name",yes
... < 0 DM,0.058823529411764705,critical account/ other credits existing (not at this bank),others,0.05029162539892153,... < 100 DM,>= 7 years,0.6666666666666667,male : single,none,1.0,unknown / no property,0.5714285714285714,bank,for free,0.3333333333333333,management/ self-employed/ highly qualified employee/ officer,1.0,"yes, registered under the customers name",yes
0 <= ... < 200 DM,0.5588235294117647,critical account/ other credits existing (not at this bank),business,0.3138549576317817,... < 100 DM,4 <= ... < 7 years,0.3333333333333333,female : divorced/separated/married,none,0.0,real estate,0.39285714285714285,bank,own,0.3333333333333333,unskilled - resident,0.0,none,yes
... < 0 DM,0.47058823529411764,existing credits paid back duly till now,education,0.09502586112028172,unknown/ no savings account,>= 7 years,1.0,male : single,none,1.0,unknown / no property,0.37499999999999994,none,own,0.0,management/ self-employed/ highly qualified employee/ officer,0.0,"yes, registered under the customers name",yes
... < 0 DM,0.1176470588235294,critical account/ other credits existing (not at this bank),car (used),0.0702101903818642,... < 100 DM,>= 7 years,1.0,male : single,none,1.0,unknown / no property,0.8392857142857144,none,for free,0.3333333333333333,management/ self-employed/ highly qualified employee/ officer,0.0,none,yes
... < 0 DM,0.5588235294117647,existing credits paid back duly till now,radio/television,0.20441289754594477,... < 100 DM,< 1 year,1.0,male : single,none,0.6666666666666667,"car or other, not in attribute 6",0.26785714285714285,none,own,0.0,skilled employee / official,0.0,none,yes
0 <= ... < 200 DM,0.10294117647058824,delay in paying off in the past,radio/television,0.24876196764608782,... < 100 DM,4 <= ... < 7 years,0.3333333333333333,male : single,none,1.0,building society savings agreement/ life insurance,0.5714285714285714,none,own,0.0,skilled employee / official,0.0,none,yes
no checking account,0.7352941176470588,no credits taken/ all credits paid back duly,car (used),0.5054473423572136,unknown/ no savings account,1 <= ... < 4 years,0.3333333333333333,male : single,none,0.3333333333333333,building society savings agreement/ life insurance,0.35714285714285715,none,own,0.0,unskilled - resident,1.0,none,yes
0 <= ... < 200 DM,0.38235294117647056,existing credits paid back duly till now,furniture/equipment,0.19709475074281943,... < 100 DM,< 1 year,0.3333333333333333,male : married/widowed,none,0.0,building society savings agreement/ life insurance,0.0535714285714286,none,own,0.0,skilled employee / official,0.0,none,yes
no checking account,0.2941176470588235,existing credits paid back duly till now,radio/television,0.3132496973698691,unknown/ no savings account,< 1 year,0.0,female : divorced/separated/married,none,0.0,"car or other, not in attribute 6",0.44642857142857145,none,own,0.3333333333333333,skilled employee / official,0.0,"yes, registered under the customers name",yes
no checking account,0.16176470588235292,existing credits paid back duly till now,radio/television,0.0529877847474414,500 <= ... < 1000 DM,>= 7 years,1.0,male : single,none,0.6666666666666667,building society savings agreement/ life insurance,0.49999999999999994,stores,own,0.0,skilled employee / official,0.0,"yes, registered under the customers name",yes
no checking account,0.20588235294117646,existing credits paid back duly till now,business,0.07252118410916694,100 <= ... < 500 DM,1 <= ... < 4 years,0.6666666666666667,female : divorced/separated/married,none,1.0,building society savings agreement/ life insurance,0.0892857142857143,none,rent,0.0,unskilled - resident,0.0,none,yes
... < 0 DM,0.2941176470588235,existing credits paid back duly till now,others,0.08281060856168151,... < 100 DM,>= 7 years,1.0,female : divorced/separated/married,guarantor,1.0,real estate,0.6964285714285714,none,own,0.0,unskilled - resident,0.0,"yes, registered under the customers name",yes
... < 0 DM,0.08823529411764706,existing credits paid back duly till now,radio/television,0.1136238582590514,... < 100 DM,>= 7 years,0.6666666666666667,male : single,none,1.0,real estate,0.5892857142857142,none,own,0.0,unskilled - resident,0.0,none,yes
no checking account,0.1176470588235294,critical account/ other credits existing (not at this bank),business,0.06393749312204247,... < 100 DM,1 <= ... < 4 years,1.0,female : divorced/separated/married,guarantor,0.3333333333333333,real estate,0.17857142857142855,none,own,0.3333333333333333,management/ self-employed/ highly qualified employee/ officer,0.0,"yes, registered under the customers name",yes
0 <= ... < 200 DM,0.20588235294117646,critical account/ other credits existing (not at this bank),furniture/equipment,0.05749972488169913,... < 100 DM,< 1 year,1.0,female : divorced/separated/married,none,0.0,building society savings agreement/ life insurance,0.14285714285714285,none,own,0.3333333333333333,skilled employee / official,0.0,none,yes
0 <= ... < 200 DM,0.47058823529411764,existing credits paid back duly till now,education,0.6802024870694399,100 <= ... < 500 DM,1 <= ... < 4 years,0.0,male : single,none,1.0,unknown / no property,0.49999999999999994,none,for free,0.0,skilled employee / official,1.0,"yes, registered under the customers name",yes
... < 0 DM,0.20588235294117646,existing credits paid back duly till now,car (new),0.10999229668757565,100 <= ... < 500 DM,4 <= ... < 7 years,1.0,male : single,none,0.6666666666666667,"car or other, not in attribute 6",0.19642857142857145,none,own,0.0,management/ self-employed/ highly qualified employee/ officer,1.0,"yes, registered under the customers name",yes
... < 0 DM,0.1176470588235294,no credits taken/ all credits paid back duly,repairs,0.047210300429184546,... < 100 DM,4 <= ... < 7 years,1.0,male : single,none,0.6666666666666667,real estate,0.16071428571428575,none,own,0.3333333333333333,skilled employee / official,0.0,none,yes
no checking account,0.1176470588235294,critical account/ other credits existing (not at this bank),radio/television,0.020248706943985912,... < 100 DM,>= 7 years,1.0,male : single,none,1.0,real estate,0.6607142857142858,none,own,0.0,skilled employee / official,0.0,none,yes
... < 0 DM,0.1176470588235294,critical account/ other credits existing (not at this bank),car (used),0.06377242214152085,... < 100 DM,>= 7 years,1.0,male : single,none,0.6666666666666667,real estate,0.625,none,own,0.0,skilled employee / official,0.0,none,yes
no checking account,0.1176470588235294,critical account/ other credits existing (not at this bank),radio/television,0.030097942115109497,unknown/ no savings account,>= 7 years,1.0,female : divorced/separated/married,none,0.6666666666666667,building society savings agreement/ life insurance,0.25000000000000006,bank,own,0.0,unskilled - resident,1.0,none,yes
... >= 200 DM / salary assignments for at least 1 year,0.2941176470588235,critical account/ other credits existing (not at this bank),furniture/equipment,0.18526466380543635,unknown/ no savings account,>= 7 years,1.0,male : single,co-applicant,1.0,unknown / no property,0.01785714285714285,none,rent,0.3333333333333333,skilled employee / official,0.0,none,yes
0 <= ... < 200 DM,0.1176470588235294,existing credits paid back duly till now,car (new),0.05876526906569825,>= 1000 DM,>= 7 years,1.0,male : single,none,1.0,real estate,0.625,none,own,0.0,skilled employee / official,0.0,"yes, registered under the customers name",yes
0 <= ... < 200 DM,0.7352941176470588,no credits taken/ all credits paid back duly,business,0.8635963464289644,... < 100 DM,< 1 year,0.6666666666666667,male : single,none,1.0,unknown / no property,0.6964285714285714,none,rent,0.0,skilled employee / official,0.0,"yes, registered under the customers name",yes
no checking account,0.1176470588235294,critical account/ other credits existing (not at this bank),education,0.09695168922636734,unknown/ no savings account,4 <= ... < 7 years,1.0,female : divorced/separated/married,none,0.3333333333333333,"car or other, not in attribute 6",0.75,none,own,0.0,skilled employee / official,0.0,none,yes
0 <= ... < 200 DM,0.20588235294117646,existing credits paid back duly till now,business,0.13051612193243095,100 <= ... < 500 DM,1 <= ... < 4 years,1.0,male : single,none,1.0,"car or other, not in attribute 6",0.26785714285714285,none,own,0.0,skilled employee / official,0.0,none,yes
0 <= ... < 200 DM,0.47058823529411764,critical account/ other credits existing (not at this bank),radio/television,0.11483437878287663,... < 100 DM,>= 7 years,1.0,male : single,none,1.0,real estate,0.30357142857142855,none,own,0.0,skilled employee / official,0.0,none,yes
0 <= ... < 200 DM,0.23529411764705882,delay in paying off in the past,car (used),0.37454605480356556,unknown/ no savings account,4 <= ... < 7 years,0.6666666666666667,male : single,none,1.0,building society savings agreement/ life insurance,0.30357142857142855,bank,rent,0.3333333333333333,management/ self-employed/ highly qualified employee/ officer,1.0,"yes, registered under the customers name",yes
no checking account,0.2941176470588235,existing credits paid back duly till now,car (new),0.06707384175195334,100 <= ... < 500 DM,>= 7 years,1.0,male : married/widowed,none,1.0,real estate,0.39285714285714285,none,rent,0.0,unskilled - resident,0.0,none,yes
0 <= ... < 200 DM,0.47058823529411764,existing credits paid back duly till now,radio/television,0.1140640475404424,... < 100 DM,4 <= ... < 7 years,1.0,male : single,none,1.0,"car or other, not in attribute 6",0.0892857142857143,none,rent,0.0,skilled employee / official,0.0,none,yes
no checking account,0.029411764705882346,delay in paying off in the past,radio/television,0.037526136238582586,... < 100 DM,1 <= ... < 4 years,0.6666666666666667,female : divorced/separated/married,none,0.3333333333333333,real estate,0.0892857142857143,none,own,0.0,skilled employee / official,0.0,none,yes
0 <= ... < 200 DM,0.07352941176470588,critical account/ other credits existing (not at this bank),furniture/equipment,0.09183448883019699,... < 100 DM,4 <= ... < 7 years,1.0,male : single,none,0.6666666666666667,"car or other, not in attribute 6",0.28571428571428575,none,rent,0.0,skilled employee / official,0.0,"yes, registered under the customers name",yes
no checking account,0.1176470588235294,existing credits paid back duly till now,car (used),0.12077693408165512,unknown/ no savings account,< 1 year,0.3333333333333333,male : married/widowed,none,1.0,"car or other, not in attribute 6",0.125,none,rent,0.0,skilled employee / official,0.0,"yes, registered under the customers name",yes
0 <= ... < 200 DM,0.2941176470588235,critical account/ other credits existing (not at this bank),others,0.6431165401122483,... < 100 DM,1 <= ... < 4 years,0.3333333333333333,male : single,co-applicant,0.6666666666666667,"car or other, not in attribute 6",0.35714285714285715,none,own,0.3333333333333333,management/ self-employed/ highly qualified employee/ officer,1.0,"yes, registered under the customers name",yes
no checking account,0.20588235294117646,all credits at this bank paid back duly,car (new),0.34158688235941453,... < 100 DM,>= 7 years,0.3333333333333333,male : single,none,1.0,unknown / no property,0.35714285714285715,bank,own,0.3333333333333333,management/ self-employed/ highly qualified employee/ officer,1.0,"yes, registered under the customers name",yes
0 <= ... < 200 DM,0.1176470588235294,existing credits paid back duly till now,car (new),0.32067789149334214,... < 100 DM,4 <= ... < 7 years,0.3333333333333333,male : single,none,0.3333333333333333,"car or other, not in attribute 6",0.23214285714285715,none,own,0.0,skilled employee / official,0.0,none,yes
... < 0 DM,0.2941176470588235,existing credits paid back duly till now,furniture/equipment,0.4110817651590184,unknown/ no savings account,< 1 year,0.0,female : divorced/separated/married,none,0.3333333333333333,building society savings agreement/ life insurance,0.19642857142857145,none,own,0.0,skilled employee / official,0.0,"yes, registered under the customers name",no
0 <= ... < 200 DM,0.14705882352941174,existing credits paid back duly till now,business,0.06382744580169472,500 <= ... < 1000 DM,>= 7 years,0.0,male : married/widowed,none,0.3333333333333333,real estate,0.28571428571428575,none,own,0.0,skilled employee / official,0.0,"yes, registered under the customers name",yes
0 <= ... < 200 DM,0.029411764705882346,delay in paying off in the past,business,0.06597336854847584,100 <= ... < 500 DM,>= 7 years,0.0,male : divorced/separated,none,0.3333333333333333,"car or other, not in attribute 6",0.21428571428571425,bank,own,0.3333333333333333,skilled employee / official,1.0,none,yes
... >= 200 DM / salary assignments for at least 1 year,0.16176470588235292,existing credits paid back duly till now,education,0.007813359744690218,... < 100 DM,< 1 year,1.0,female : divorced/separated/married,none,1.0,building society savings agreement/ life insurance,0.07142857142857145,none,rent,0.0,skilled employee / official,0.0,"yes, registered under the customers name",yes
0 <= ... < 200 DM,0.20588235294117646,existing credits paid back duly till now,car (new),0.33069219764498736,... < 100 DM,4 <= ... < 7 years,0.6666666666666667,male : single,none,0.6666666666666667,real estate,0.16071428571428575,none,rent,0.0,unskilled - resident,0.0,none,yes
no checking account,0.47058823529411764,critical account/ other credits existing (not at this bank),car (new),0.4184549356223176,... < 100 DM,1 <= ... < 4 years,1.0,female : divorced/separated/married,none,0.3333333333333333,real estate,0.10714285714285715,stores,own,0.3333333333333333,skilled employee / official,0.0,"yes, registered under the customers name",yes
... < 0 DM,0.1176470588235294,existing credits paid back duly till now,radio/television,0.07868383404864092,500 <= ... < 1000 DM,>= 7 years,0.6666666666666667,male : married/widowed,none,0.0,real estate,0.28571428571428575,none,own,0.0,skilled employee / official,0.0,none,yes
no checking account,0.6470588235294117,critical account/ other credits existing (not at this bank),radio/television,0.18311874105865522,unknown/ no savings account,>= 7 years,1.0,male : single,none,0.0,real estate,0.49999999999999994,none,own,0.0,skilled employee / official,0.0,"yes, registered under the customers name",yes
... < 0 DM,0.5588235294117647,existing credits paid back duly till now,radio/television,0.3809838230439089,unknown/ no savings account,4 <= ... < 7 years,1.0,female : divorced/separated/married,none,0.6666666666666667,"car or other, not in attribute 6",0.19642857142857145,none,own,0.0,management/ self-employed/ highly qualified employee/ officer,0.0,"yes, registered under the customers name",yes
... < 0 DM,0.08823529411764706,critical account/ other credits existing (not at this bank),furniture/equipment,0.10355452844723231,unknown/ no savings account,< 1 year,0.3333333333333333,female : divorced/separated/married,co-applicant,0.6666666666666667,real estate,0.14285714285714285,none,rent,0.3333333333333333,skilled employee / official,0.0,none,no
... < 0 DM,0.4264705882352941,critical account/ other credits existing (not at this bank),furniture/equipment,0.22180037416088919,500 <= ... < 1000 DM,1 <= ... < 4 years,0.0,female : divorced/separated/married,none,1.0,"car or other, not in attribute 6",0.07142857142857145,none,own,0.3333333333333333,skilled employee / official,0.0,none,yes
0 <= ... < 200 DM,0.1176470588235294,critical account/ other credits existing (not at this bank),car (new),0.116430064927919,500 <= ... < 1000 DM,4 <= ... < 7 years,0.6666666666666667,male : divorced/separated,none,0.6666666666666667,"car or other, not in attribute 6",0.30357142857142855,none,own,0.0,management/ self-employed/ highly qualified employee/ officer,0.0,"yes, registered under the customers name",yes
... < 0 DM,0.25,existing credits paid back duly till now,radio/television,0.0872125013755915,... < 100 DM,1 <= ... < 4 years,0.6666666666666667,female : divorced/separated/married,none,0.3333333333333333,real estate,0.10714285714285715,none,own,0.3333333333333333,skilled employee / official,0.0,"yes, registered under the customers name",yes
no checking account,0.2941176470588235,critical account/ other credits existing (not at this bank),car (used),0.1990756025090789,... < 100 DM,>= 7 years,1.0,female : divorced/separated/married,none,0.3333333333333333,"car or other, not in attribute 6",0.39285714285714285,none,rent,0.3333333333333333,management/ self-employed/ highly qualified employee/ officer,0.0,"yes, registered under the customers name",yes
no checking account,0.1176470588235294,existing credits paid back duly till now,furniture/equipment,0.08352591614394189,... < 100 DM,1 <= ... < 4 years,0.6666666666666667,male : single,none,0.3333333333333333,real estate,0.0892857142857143,none,rent,0.0,unskilled - resident,0.0,none,yes
... >= 200 DM / salary assignments for at least 1 year,0.08823529411764706,critical account/ other credits existing (not at this bank),car (new),0.0292175635523275,... < 100 DM,>= 7 years,1.0,male : single,none,1.0,unknown / no property,0.7857142857142858,none,for free,0.3333333333333333,skilled employee / official,0.0,"yes, registered under the customers name",yes
0 <= ... < 200 DM,0.20588235294117646,existing credits paid back duly till now,furniture/equipment,0.09210960713106636,unknown/ no savings account,< 1 year,1.0,female : divorced/separated/married,none,0.6666666666666667,real estate,0.14285714285714285,none,rent,0.0,skilled employee / official,0.0,none,yes
... < 0 DM,0.1176470588235294,critical account/ other credits existing (not at this bank),car (new),0.10294926818531969,... < 100 DM,1 <= ... < 4 years,1.0,male : single,none,0.3333333333333333,building society savings agreement/ life insurance,0.19642857142857145,none,own,0.3333333333333333,skilled employee / official,0.0,none,yes
... < 0 DM,0.1176470588235294,existing credits paid back duly till now,radio/television,0.024815670738417523,... < 100 DM,1 <= ... < 4 years,1.0,male : married/widowed,none,0.3333333333333333,real estate,0.37499999999999994,none,own,0.0,unskilled - resident,0.0,none,yes
0 <= ... < 200 DM,0.1176470588235294,existing credits paid back duly till now,repairs,0.021404203807637284,... < 100 DM,1 <= ... < 4 years,1.0,male : single,none,0.3333333333333333,"car or other, not in attribute 6",0.19642857142857145,none,own,0.0,skilled employee / official,0.0,none,yes
0 <= ... < 200 DM,0.1176470588235294,critical account/ other credits existing (not at this bank),car (used),0.08858809287993837,... < 100 DM,unemployed,1.0,male : single,none,0.3333333333333333,"car or other, not in attribute 6",0.26785714285714285,none,own,0.3333333333333333,management/ self-employed/ highly qualified employee/ officer,0.0,"yes, registered under the customers name",yes
... < 0 DM,0.1176470588235294,critical account/ other credits existing (not at this bank),car (new),0.17877187190491914,... < 100 DM,1 <= ... < 4 years,0.6666666666666667,female : divorced/separated/married,co-applicant,0.3333333333333333,real estate,0.17857142857142855,none,own,0.3333333333333333,skilled employee / official,0.0,none,yes
0 <= ... < 200 DM,0.6470588235294117,existing credits paid back duly till now,car (new),0.45322988885220644,unknown/ no savings account,4 <= ... < 7 years,0.0,female : divorced/separated/married,none,0.3333333333333333,"car or other, not in attribute 6",0.0892857142857143,none,own,0.0,skilled employee / official,0.0,none,yes
... < 0 DM,0.47058823529411764,delay in paying off in the past,education,0.36519203257400684,... < 100 DM,1 <= ... < 4 years,1.0,male : single,none,0.6666666666666667,building society savings agreement/ life insurance,0.17857142857142855,stores,own,0.0,skilled employee / official,0.0,"yes, registered under the customers name",yes
no checking account,0.16176470588235292,existing credits paid back duly till now,furniture/equipment,0.1352481567073842,... < 100 DM,< 1 year,0.3333333333333333,male : single,none,0.6666666666666667,building society savings agreement/ life insurance,0.14285714285714285,bank,own,0.3333333333333333,unskilled - resident,0.0,none,yes
no checking account,0.20588235294117646,existing credits paid back duly till now,furniture/equipment,0.09541102674149884,... < 100 DM,1 <= ... < 4 years,1.0,male : single,none,1.0,unknown / no property,0.49999999999999994,bank,for free,0.3333333333333333,skilled employee / official,0.0,none,yes
no checking account,0.8235294117647058,existing credits paid back duly till now,radio/television,0.5444040937603168,100 <= ... < 500 DM,4 <= ... < 7 years,0.3333333333333333,female : divorced/separated/married,none,1.0,real estate,0.035714285714285754,none,own,0.0,skilled employee / official,0.0,"yes, registered under the customers name",yes
no checking account,0.1176470588235294,critical account/ other credits existing (not at this bank),radio/television,0.05447342357213601,unknown/ no savings account,>= 7 years,1.0,female : divorced/separated/married,none,0.3333333333333333,real estate,0.33928571428571425,none,own,0.3333333333333333,skilled employee / official,0.0,"yes, registered under the customers name",yes
no checking account,0.338235294117647,delay in paying off in the past,car (used),0.46016287003411466,>= 1000 DM,1 <= ... < 4 years,0.3333333333333333,male : single,none,0.3333333333333333,"car or other, not in attribute 6",0.14285714285714285,none,own,0.3333333333333333,skilled employee / official,0.0,none,yes
0 <= ... < 200 DM,0.1176470588235294,existing credits paid back duly till now,radio/television,0.02839220864971938,500 <= ... < 1000 DM,1 <= ... < 4 years,1.0,male : single,none,0.6666666666666667,real estate,0.8392857142857144,none,own,0.0,unskilled - resident,0.0,none,yes
0 <= ... < 200 DM,0.16176470588235292,critical account/ other credits existing (not at this bank),radio/television,0.1363486299108617,unknown/ no savings account,4 <= ... < 7 years,1.0,male : single,guarantor,0.3333333333333333,real estate,0.28571428571428575,bank,own,0.6666666666666667,skilled employee / official,0.0,"yes, registered under the customers name",yes
... >= 200 DM / salary assignments for at least 1 year,0.1176470588235294,existing credits paid back duly till now,radio/television,0.08974358974358974,... < 100 DM,1 <= ... < 4 years,0.3333333333333333,female : divorced/separated/married,none,0.3333333333333333,"car or other, not in attribute 6",0.44642857142857145,none,rent,0.0,unskilled - resident,0.0,"yes, registered under the customers name",yes
... >= 200 DM / salary assignments for at least 1 year,0.029411764705882346,existing credits paid back duly till now,car (new),0.025255860019808517,>= 1000 DM,< 1 year,0.3333333333333333,male : married/widowed,none,0.3333333333333333,real estate,0.14285714285714285,none,own,0.0,unemployed/ unskilled - non-resident,0.0,none,no
0 <= ... < 200 DM,0.47058823529411764,existing credits paid back duly till now,radio/television,0.2500825354902608,... < 100 DM,< 1 year,1.0,female : divorced/separated/married,none,0.0,unknown / no property,0.19642857142857145,none,own,0.0,management/ self-employed/ highly qualified employee/ officer,0.0,"yes, registered under the customers name",yes
... < 0 DM,0.338235294117647,existing credits paid back duly till now,radio/television,0.17420490811048753,... < 100 DM,1 <= ... < 4 years,0.6666666666666667,male : single,none,0.3333333333333333,"car or other, not in attribute 6",0.14285714285714285,none,own,0.0,management/ self-employed/ highly qualified employee/ officer,0.0,none,yes
... < 0 DM,0.20588235294117646,existing credits paid back duly till now,furniture/equipment,0.121712336304611,... < 100 DM,1 <= ... < 4 years,0.3333333333333333,male : single,none,0.3333333333333333,"car or other, not in attribute 6",0.0535714285714286,none,own,0.0,skilled employee / official,0.0,none,yes
no checking account,0.25,critical account/ other credits existing (not at this bank),furniture/equipment,0.11213821943435677,... < 100 DM,< 1 year,1.0,female : divorced/separated/married,none,1.0,building society savings agreement/ life insurance,0.07142857142857145,none,own,0.0,skilled employee / official,0.0,"yes, registered under the customers name",yes
0 <= ... < 200 DM,0.6470588235294117,all credits at this bank paid back duly,business,0.18245845713656875,100 <= ... < 500 DM,4 <= ... < 7 years,1.0,male : single,none,0.3333333333333333,"car or other, not in attribute 6",0.19642857142857145,none,own,0.0,skilled employee / official,0.0,none,yes
... < 0 DM,0.029411764705882346,critical account/ other credits existing (not at this bank),car (new),0.0335644327060636,... < 100 DM,>= 7 years,0.0,female : divorced/separated/married,none,1.0,unknown / no property,0.35714285714285715,none,own,0.3333333333333333,skilled employee / official,0.0,"yes, registered under the customers name",yes
no checking account,0.1176470588235294,critical account/ other credits existing (not at this bank),car (new),0.023770221195113902,100 <= ... < 500 DM,4 <= ... < 7 years,1.0,female : divorced/separated/married,none,0.6666666666666667,"car or other, not in attribute 6",0.5714285714285714,none,own,0.3333333333333333,skilled employee / official,0.0,"yes, registered under the customers name",yes
... < 0 DM,0.47058823529411764,critical account/ other credits existing (not at this bank),furniture/equipment,0.2817761637504127,... < 100 DM,1 <= ... < 4 years,0.6666666666666667,male : single,guarantor,0.3333333333333333,building society savings agreement/ life insurance,0.16071428571428575,none,own,0.3333333333333333,skilled employee / official,0.0,none,yes
no checking account,0.20588235294117646,critical account/ other credits existing (not at this bank),radio/television,0.07329151535160118,>= 1000 DM,>= 7 years,1.0,male : single,none,1.0,"car or other, not in attribute 6",0.48214285714285715,none,own,0.3333333333333333,skilled employee / official,0.0,none,yes
no checking account,0.029411764705882346,existing credits paid back duly till now,radio/television,0.06030593155056674,100 <= ... < 500 DM,>= 7 years,0.3333333333333333,male : single,none,1.0,unknown / no property,0.41071428571428575,bank,for free,0.0,skilled employee / official,1.0,"yes, registered under the customers name",yes
no checking account,0.08823529411764706,existing credits paid back duly till now,radio/television,0.09210960713106636,... < 100 DM,1 <= ... < 4 years,0.0,male : single,none,1.0,building society savings agreement/ life insurance,0.33928571428571425,none,own,0.0,skilled employee / official,0.0,"yes, registered under the customers name",no
... >= 200 DM / salary assignments for at least 1 year,0.47058823529411764,existing credits paid back duly till now,radio/television,0.30802244965335096,... < 100 DM,1 <= ... < 4 years,1.0,male : single,none,0.0,"car or other, not in attribute 6",0.0892857142857143,none,own,0.0,skilled employee / official,0.0,none,yes
0 <= ... < 200 DM,0.2941176470588235,critical account/ other credits existing (not at this bank),car (used),0.41311764058545175,>= 1000 DM,>= 7 years,0.3333333333333333,female : divorced/separated/married,none,1.0,unknown / no property,0.17857142857142855,none,rent,0.0,skilled employee / official,0.0,none,yes
0 <= ... < 200 DM,0.2941176470588235,delay in paying off in the past,business,0.3695939253879168,100 <= ... < 500 DM,4 <= ... < 7 years,1.0,male : single,none,1.0,"car or other, not in attribute 6",0.30357142857142855,none,rent,0.0,management/ self-employed/ highly qualified employee/ officer,0.0,"yes, registered under the customers name",yes
... < 0 DM,0.1176470588235294,existing credits paid back duly till now,furniture/equipment,0.056784417299438755,... < 100 DM,1 <= ... < 4 years,0.3333333333333333,female : divorced/separated/married,none,1.0,"car or other, not in attribute 6",0.01785714285714285,none,rent,0.0,skilled employee / official,0.0,none,yes
... < 0 DM,0.07352941176470588,critical account/ other credits existing (not at this bank),repairs,0.057114559260482006,100 <= ... < 500 DM,>= 7 years,0.6666666666666667,male : single,guarantor,1.0,real estate,0.5178571428571428,none,own,0.3333333333333333,skilled employee / official,1.0,none,no
... < 0 DM,0.1176470588235294,all credits at this bank paid back duly,retraining,0.004897105755474855,... < 100 DM,>= 7 years,1.0,male : married/widowed,none,0.0,"car or other, not in attribute 6",0.46428571428571425,bank,own,0.0,unskilled - resident,0.0,none,yes
0 <= ... < 200 DM,0.2941176470588235,existing credits paid back duly till now,car (new),0.1794871794871795,100 <= ... < 500 DM,4 <= ... < 7 years,0.3333333333333333,male : single,none,0.6666666666666667,"car or other, not in attribute 6",0.33928571428571425,bank,own,0.3333333333333333,skilled employee / official,0.0,"yes, registered under the customers name",yes
no checking account,0.029411764705882346,critical account/ other credits existing (not at this bank),radio/television,0.09067899196654561,unknown/ no savings account,1 <= ... < 4 years,0.0,male : single,none,0.3333333333333333,real estate,0.26785714285714285,none,own,0.3333333333333333,unskilled - resident,1.0,none,yes
no checking account,0.2941176470588235,critical account/ other credits existing (not at this bank),radio/television,0.14427203697589966,100 <= ... < 500 DM,>= 7 years,0.6666666666666667,male : single,none,1.0,real estate,0.30357142857142855,none,own,0.0,skilled employee / official,1.0,"yes, registered under the customers name",yes
no checking account,0.20588235294117646,critical account/ other credits existing (not at this bank),car (new),0.04429404643996919,... < 100 DM,< 1 year,1.0,female : divorced/separated/married,none,0.0,building society savings agreement/ life insurance,0.19642857142857145,none,own,0.3333333333333333,skilled employee / official,0.0,none,yes
no checking account,0.16176470588235292,existing credits paid back duly till now,domestic appliances,0.055683944095961266,500 <= ... < 1000 DM,4 <= ... < 7 years,1.0,male : single,none,0.6666666666666667,building society savings agreement/ life insurance,0.30357142857142855,none,own,0.3333333333333333,skilled employee / official,0.0,"yes, registered under the customers name",yes
0 <= ... < 200 DM,0.08823529411764706,existing credits paid back duly till now,car (new),0.3883569935072081,... < 100 DM,unemployed,0.3333333333333333,male : single,none,1.0,unknown / no property,0.9107142857142858,bank,for free,0.0,management/ self-employed/ highly qualified employee/ officer,0.0,"yes, registered under the customers name",yes
no checking account,0.47058823529411764,existing credits paid back duly till now,car (new),0.03626059205458347,500 <= ... < 1000 DM,>= 7 years,1.0,male : single,none,1.0,building society savings agreement/ life insurance,0.30357142857142855,none,own,0.0,skilled employee / official,0.0,none,yes
no checking account,0.029411764705882346,existing credits paid back duly till now,furniture/equipment,0.15010454495433037,500 <= ... < 1000 DM,1 <= ... < 4 years,0.0,male : single,none,0.3333333333333333,"car or other, not in attribute 6",0.23214285714285715,none,own,0.0,skilled employee / official,0.0,"yes, registered under the customers name",yes
... < 0 DM,0.20588235294117646,existing credits paid back duly till now,furniture/equipment,0.048475844613183675,... < 100 DM,unemployed,1.0,female : divorced/separated/married,none,0.3333333333333333,"car or other, not in attribute 6",0.25000000000000006,none,own,0.0,skilled employee / official,0.0,none,yes
0 <= ... < 200 DM,0.10294117647058824,existing credits paid back duly till now,furniture/equipment,0.07301639705073182,>= 1000 DM,< 1 year,1.0,female : divorced/separated/married,none,0.0,real estate,0.01785714285714285,none,own,0.0,skilled employee / official,0.0,none,yes
no checking account,0.2941176470588235,existing credits paid back duly till now,furniture/equipment,0.2047980631671619,... < 100 DM,4 <= ... < 7 years,0.3333333333333333,female : divorced/separated/married,none,1.0,building society savings agreement/ life insurance,0.10714285714285715,none,rent,0.0,skilled employee / official,0.0,"yes, registered under the customers name",yes
0 <= ... < 200 DM,0.2941176470588235,critical account/ other credits existing (not at this bank),business,0.09271486739297898,... < 100 DM,>= 7 years,1.0,male : divorced/separated,none,1.0,real estate,0.21428571428571425,none,own,0.3333333333333333,skilled employee / official,0.0,"yes, registered under the customers name",yes
... < 0 DM,0.16176470588235292,no credits taken/ all credits paid back duly,car (new),0.03851656212171234,... < 100 DM,>= 7 years,1.0,male : single,none,0.6666666666666667,"car or other, not in attribute 6",0.25000000000000006,none,rent,0.3333333333333333,skilled employee / official,1.0,none,yes
no checking account,0.1176470588235294,existing credits paid back duly till now,furniture/equipment,0.028227137669197756,... < 100 DM,1 <= ... < 4 years,1.0,female : divorced/separated/married,none,0.0,real estate,0.125,none,own,0.0,skilled employee / official,0.0,"yes, registered under the customers name",yes
0 <= ... < 200 DM,0.2941176470588235,delay in paying off in the past,furniture/equipment,0.09981291955540883,... < 100 DM,unemployed,0.6666666666666667,female : divorced/separated/married,none,0.3333333333333333,building society savings agreement/ life insurance,0.26785714285714285,none,own,0.0,management/ self-employed/ highly qualified employee/ officer,0.0,"yes, registered under the customers name",yes
0 <= ... < 200 DM,0.058823529411764705,existing credits paid back duly till now,radio/television,0.06404754044239022,... < 100 DM,1 <= ... < 4 years,1.0,male : single,guarantor,0.3333333333333333,real estate,0.25000000000000006,none,own,0.0,skilled employee / official,0.0,none,no
... < 0 DM,0.25,delay in paying off in the past,education,0.17409486079013978,... < 100 DM,< 1 year,0.3333333333333333,male : single,none,0.0,building society savings agreement/ life insurance,0.125,none,own,0.3333333333333333,skilled employee / official,0.0,none,yes
no checking account,0.38235294117647056,all credits at this bank paid back duly,car (used),0.39809618135798397,unknown/ no savings account,unemployed,1.0,female : divorced/separated/married,none,0.0,real estate,0.6071428571428572,bank,own,0.0,management/ self-employed/ highly qualified employee/ officer,0.0,"yes, registered under the customers name",yes
... < 0 DM,0.1176470588235294,existing credits paid back duly till now,furniture/equipment,0.1280400572246066,... < 100 DM,1 <= ... < 4 years,0.3333333333333333,male : divorced/separated,none,0.0,"car or other, not in attribute 6",0.41071428571428575,none,own,0.0,skilled employee / official,0.0,none,yes
... < 0 DM,0.029411764705882346,critical account/ other credits existing (not at this bank),radio/television,0.00484208209530098,500 <= ... < 1000 DM,>= 7 years,1.0,male : single,none,1.0,"car or other, not in attribute 6",0.5892857142857142,none,own,0.3333333333333333,skilled employee / official,0.0,none,yes
no checking account,0.1176470588235294,existing credits paid back duly till now,radio/television,0.09425552987784747,... < 100 DM,4 <= ... < 7 years,1.0,male : single,none,0.3333333333333333,"car or other, not in attribute 6",0.21428571428571425,none,rent,0.3333333333333333,management/ self-employed/ highly qualified employee/ officer,1.0,"yes, registered under the customers name",yes
... < 0 DM,0.25,critical account/ other credits existing (not at this bank),car (new),0.0176625949158138,... < 100 DM,>= 7 years,1.0,male : single,none,1.0,real estate,0.8214285714285714,none,own,0.3333333333333333,skilled employee / official,0.0,none,yes
no checking account,0.47058823529411764,delay in paying off in the past,business,0.5129305601408606,... < 100 DM,< 1 year,0.0,male : divorced/separated,none,0.0,"car or other, not in attribute 6",0.16071428571428575,none,own,0.3333333333333333,skilled employee / official,0.0,none,yes
0 <= ... < 200 DM,0.47058823529411764,delay in paying off in the past,business,0.2313744910311434,... < 100 DM,1 <= ... < 4 years,0.3333333333333333,male : divorced/separated,none,0.3333333333333333,real estate,0.19642857142857145,stores,own,0.3333333333333333,management/ self-employed/ highly qualified employee/ officer,0.0,"yes, registered under the customers name",yes
... < 0 DM,0.25,all credits at this bank paid back duly,car (new),0.07686805326290305,unknown/ no savings account,1 <= ... < 4 years,1.0,male : single,none,0.3333333333333333,building society savings agreement/ life insurance,0.37499999999999994,none,own,0.3333333333333333,unskilled - resident,1.0,none,yes
no checking account,0.2941176470588235,critical account/ other credits existing (not at this bank),furniture/equipment,0.19406844943325632,>= 1000 DM,1 <= ... < 4 years,1.0,male : single,none,1.0,real estate,0.5535714285714286,none,own,0.0,skilled employee / official,0.0,"yes, registered under the customers name",yes
0 <= ... < 200 DM,0.20588235294117646,critical account/ other credits existing (not at this bank),car (new),0.034885000550236606,... < 100 DM,>= 7 years,1.0,male : single,none,1.0,"car or other, not in attribute 6",0.30357142857142855,bank,own,0.0,skilled employee / official,1.0,"yes, registered under the customers name",yes
no checking account,0.16176470588235292,critical account/ other credits existing (not at this bank),radio/television,0.06107626279300099,... < 100 DM,1 <= ... < 4 years,1.0,male : single,none,0.3333333333333333,building society savings agreement/ life insurance,0.21428571428571425,none,own,0.3333333333333333,skilled employee / official,0.0,none,yes
0 <= ... < 200 DM,0.07352941176470588,all credits at this bank paid back duly,car (used),0.268460437988335,... < 100 DM,>= 7 years,0.3333333333333333,female : divorced/separated/married,none,1.0,unknown / no property,0.9821428571428572,bank,for free,0.0,management/ self-employed/ highly qualified employee/ officer,1.0,"yes, registered under the customers name",yes
0 <= ... < 200 DM,0.1764705882352941,critical account/ other credits existing (not at this bank),car (new),0.050896885660834154,... < 100 DM,unemployed,0.3333333333333333,male : single,none,0.6666666666666667,"car or other, not in attribute 6",0.875,none,for free,0.6666666666666667,unemployed/ unskilled - non-resident,0.0,"yes, registered under the customers name",yes
... < 0 DM,0.1176470588235294,existing credits paid back duly till now,radio/television,0.0233300319137229,100 <= ... < 500 DM,4 <= ... < 7 years,1.0,male : married/widowed,none,0.0,building society savings agreement/ life insurance,0.01785714285714285,none,own,0.0,skilled employee / official,0.0,none,yes
0 <= ... < 200 DM,0.20588235294117646,no credits taken/ all credits paid back duly,furniture/equipment,0.16474083856058105,... < 100 DM,1 <= ... < 4 years,0.0,female : divorced/separated/married,none,1.0,"car or other, not in attribute 6",0.25000000000000006,bank,own,0.3333333333333333,skilled employee / official,0.0,"yes, registered under the customers name",yes
no checking account,0.2941176470588235,existing credits paid back duly till now,business,0.23885770881479035,>= 1000 DM,1 <= ... < 4 years,0.3333333333333333,male : single,none,0.6666666666666667,building society savings agreement/ life insurance,0.625,none,own,0.6666666666666667,management/ self-employed/ highly qualified employee/ officer,0.0,"yes, registered under the customers name",yes
0 <= ... < 200 DM,0.6470588235294117,no credits taken/ all credits paid back duly,business,0.19775503466490593,100 <= ... < 500 DM,4 <= ... < 7 years,1.0,male : single,none,1.0,unknown / no property,0.26785714285714285,none,for free,0.0,unskilled - resident,1.0,none,yes
0 <= ... < 200 DM,0.338235294117647,existing credits paid back duly till now,business,0.20166171453725104,... < 100 DM,1 <= ... < 4 years,1.0,male : single,none,0.3333333333333333,"car or other, not in attribute 6",0.30357142857142855,none,own,0.0,skilled employee / official,1.0,"yes, registered under the customers name",yes
no checking account,0.029411764705882346,existing credits paid back duly till now,radio/television,0.10223396060305931,... < 100 DM,4 <= ... < 7 years,0.3333333333333333,male : married/widowed,none,0.3333333333333333,real estate,0.17857142857142855,none,rent,0.0,skilled employee / official,0.0,none,yes
0 <= ... < 200 DM,0.6029411764705882,existing credits paid back duly till now,radio/television,0.15302079894354573,100 <= ... < 500 DM,1 <= ... < 4 years,1.0,male : single,guarantor,1.0,building society savings agreement/ life insurance,0.035714285714285754,none,rent,0.0,skilled employee / official,0.0,none,yes
0 <= ... < 200 DM,0.07352941176470588,critical account/ other credits existing (not at this bank),education,0.06883459887751733,... < 100 DM,>= 7 years,0.3333333333333333,female : divorced/separated/married,none,0.6666666666666667,"car or other, not in attribute 6",0.26785714285714285,none,own,0.3333333333333333,management/ self-employed/ highly qualified employee/ officer,0.0,"yes, registered under the customers name",yes
no checking account,0.029411764705882346,critical account/ other credits existing (not at this bank),radio/television,0.06228678331682623,... < 100 DM,1 <= ... < 4 years,0.0,female : divorced/separated/married,none,0.0,"car or other, not in attribute 6",0.16071428571428575,none,own,0.3333333333333333,skilled employee / official,0.0,"yes, registered under the customers name",yes
0 <= ... < 200 DM,0.1176470588235294,existing credits paid back duly till now,furniture/equipment,0.038571585781886214,100 <= ... < 500 DM,< 1 year,1.0,female : divorced/separated/married,none,1.0,"car or other, not in attribute 6",0.14285714285714285,bank,rent,1.0,skilled employee / official,0.0,none,yes
0 <= ... < 200 DM,0.2941176470588235,existing credits paid back duly till now,car (used),0.13810938703642567,unknown/ no savings account,>= 7 years,1.0,male : single,none,1.0,unknown / no property,0.30357142857142855,bank,for free,0.0,skilled employee / official,0.0,"yes, registered under the customers name",yes
0 <= ... < 200 DM,0.20588235294117646,delay in paying off in the past,furniture/equipment,0.2226807527236712,... < 100 DM,>= 7 years,1.0,male : divorced/separated,none,0.6666666666666667,unknown / no property,0.37499999999999994,none,own,0.0,management/ self-employed/ highly qualified employee/ officer,0.0,"yes, registered under the customers name",yes
no checking account,0.07352941176470588,critical account/ other credits existing (not at this bank),education,0.037746230879278087,500 <= ... < 1000 DM,>= 7 years,1.0,male : single,none,0.3333333333333333,"car or other, not in attribute 6",0.5892857142857142,none,own,0.3333333333333333,skilled employee / official,0.0,"yes, registered under the customers name",yes
... < 0 DM,0.1176470588235294,existing credits paid back duly till now,car (new),0.05051172003961703,... < 100 DM,1 <= ... < 4 years,1.0,male : married/widowed,none,0.6666666666666667,real estate,0.14285714285714285,none,own,0.0,unskilled - resident,0.0,none,yes
no checking account,0.338235294117647,delay in paying off in the past,business,0.2678001540662485,... < 100 DM,4 <= ... < 7 years,0.6666666666666667,male : single,none,1.0,"car or other, not in attribute 6",0.125,none,own,0.3333333333333333,skilled employee / official,0.0,none,yes
... < 0 DM,0.1176470588235294,existing credits paid back duly till now,retraining,0.035875426433366345,... < 100 DM,4 <= ... < 7 years,1.0,male : married/widowed,none,1.0,building society savings agreement/ life insurance,0.035714285714285754,none,rent,0.0,skilled employee / official,0.0,none,yes
no checking account,0.1176470588235294,critical account/ other credits existing (not at this bank),car (new),0.06850445691647408,... < 100 DM,>= 7 years,1.0,male : single,none,0.0,real estate,0.33928571428571425,none,own,0.3333333333333333,unskilled - resident,1.0,none,yes
... < 0 DM,0.38235294117647056,critical account/ other credits existing (not at this bank),car (used),0.5707604269836029,... < 100 DM,>= 7 years,0.6666666666666667,male : single,none,1.0,unknown / no property,0.33928571428571425,none,for free,0.6666666666666667,management/ self-employed/ highly qualified employee/ officer,1.0,"yes, registered under the customers name",yes
no checking account,0.1176470588235294,critical account/ other credits existing (not at this bank),furniture/equipment,0.09271486739297898,... < 100 DM,>= 7 years,1.0,male : single,none,1.0,real estate,0.42857142857142855,none,own,0.6666666666666667,skilled employee / official,0.0,"yes, registered under the customers name",yes
0 <= ... < 200 DM,0.1176470588235294,critical account/ other credits existing (not at this bank),domestic appliances,0.06459777704412897,... < 100 DM,4 <= ... < 7 years,1.0,male : single,none,0.6666666666666667,building society savings agreement/ life insurance,0.125,none,own,0.0,skilled employee / official,0.0,none,yes
... < 0 DM,0.2941176470588235,existing credits paid back duly till now,business,0.3476394849785408,... < 100 DM,1 <= ... < 4 years,0.3333333333333333,male : married/widowed,none,0.3333333333333333,"car or other, not in attribute 6",0.035714285714285754,stores,own,0.0,unskilled - resident,0.0,none,yes
no checking account,0.1176470588235294,existing credits paid back duly till now,car (used),0.06399251678221635,>= 1000 DM,4 <= ... < 7 years,0.6666666666666667,male : single,none,0.3333333333333333,building society savings agreement/ life insurance,0.6428571428571428,none,own,0.0,skilled employee / official,0.0,none,no
no checking account,0.07352941176470588,critical account/ other credits existing (not at this bank),radio/television,0.15538681633102236,unknown/ no savings account,1 <= ... < 4 years,0.0,male : single,none,0.3333333333333333,real estate,0.25000000000000006,none,own,0.3333333333333333,skilled employee / official,1.0,none,yes
no checking account,0.47058823529411764,existing credits paid back duly till now,radio/television,0.19725982172334106,unknown/ no savings account,>= 7 years,0.3333333333333333,female : divorced/separated/married,none,1.0,real estate,0.46428571428571425,none,own,0.0,unskilled - resident,0.0,"yes, registered under the customers name",yes
... < 0 DM,0.338235294117647,no credits taken/ all credits paid back duly,business,0.27748431825685044,... < 100 DM,unemployed,0.3333333333333333,male : single,none,1.0,building society savings agreement/ life insurance,0.5535714285714286,stores,own,0.3333333333333333,skilled employee / official,0.0,"yes, registered under the customers name",yes
... >= 200 DM / salary assignments for at least 1 year,0.38235294117647056,delay in paying off in the past,business,0.09122922856828436,... < 100 DM,>= 7 years,1.0,male : single,none,1.0,real estate,0.8392857142857144,none,own,0.0,management/ self-employed/ highly qualified employee/ officer,0.0,"yes, registered under the customers name",yes
no checking account,0.47058823529411764,critical account/ other credits existing (not at this bank),radio/television,0.1701331572576208,unknown/ no savings account,>= 7 years,1.0,male : single,none,0.3333333333333333,"car or other, not in attribute 6",0.5714285714285714,none,own,0.0,skilled employee / official,0.0,"yes, registered under the customers name",yes
0 <= ... < 200 DM,0.029411764705882346,critical account/ other credits existing (not at this bank),retraining,0.037526136238582586,unknown/ no savings account,4 <= ... < 7 years,0.0,female : divorced/separated/married,none,0.6666666666666667,building society savings agreement/ life insurance,0.35714285714285715,none,own,0.3333333333333333,unskilled - resident,0.0,none,yes
... < 0 DM,0.20588235294117646,no credits taken/ all credits paid back duly,business,0.1570375261362386,... < 100 DM,4 <= ... < 7 years,0.6666666666666667,male : single,none,0.0,building society savings agreement/ life insurance,0.21428571428571425,bank,own,0.0,skilled employee / official,0.0,"yes, registered under the customers name",yes
... >= 200 DM / salary assignments for at least 1 year,0.47058823529411764,existing credits paid back duly till now,radio/television,0.2015516672169033,... < 100 DM,1 <= ... < 4 years,0.3333333333333333,male : single,none,0.3333333333333333,real estate,0.07142857142857145,none,own,0.0,skilled employee / official,0.0,"yes, registered under the customers name",yes
... < 0 DM,0.2941176470588235,existing credits paid back duly till now,furniture/equipment,0.15247056234180698,... < 100 DM,1 <= ... < 4 years,0.3333333333333333,male : divorced/separated,none,0.3333333333333333,real estate,0.0892857142857143,none,rent,0.0,unskilled - resident,0.0,none,yes
no checking account,0.08823529411764706,existing credits paid back duly till now,car (new),0.06129635743369649,... < 100 DM,1 <= ... < 4 years,0.3333333333333333,female : divorced/separated/married,none,1.0,"car or other, not in attribute 6",0.8035714285714286,none,own,0.0,skilled employee / official,0.0,"yes, registered under the customers name",yes
0 <= ... < 200 DM,0.1176470588235294,existing credits paid back duly till now,radio/television,0.020633872565203038,... < 100 DM,< 1 year,1.0,male : married/widowed,guarantor,0.0,real estate,0.125,bank,own,0.0,unskilled - resident,0.0,none,yes
... < 0 DM,0.1176470588235294,existing credits paid back duly till now,education,0.05227247716518102,unknown/ no savings account,1 <= ... < 4 years,1.0,female : divorced/separated/married,none,1.0,building society savings agreement/ life insurance,0.07142857142857145,bank,rent,0.0,skilled employee / official,0.0,"yes, registered under the customers name",yes
no checking account,0.1176470588235294,existing credits paid back duly till now,radio/television,0.025145812699460767,... < 100 DM,1 <= ... < 4 years,1.0,male : single,none,0.3333333333333333,real estate,0.19642857142857145,bank,own,0.3333333333333333,skilled employee / official,0.0,none,yes
no checking account,0.2941176470588235,delay in paying off in the past,business,0.15010454495433037,unknown/ no savings account,1 <= ... < 4 years,1.0,male : single,none,1.0,real estate,0.23214285714285715,none,own,0.3333333333333333,skilled employee / official,1.0,"yes, registered under the customers name",yes
no checking account,0.16176470588235292,existing credits paid back duly till now,car (used),0.2424892703862661,... < 100 DM,1 <= ... < 4 years,0.6666666666666667,male : single,none,0.3333333333333333,"car or other, not in attribute 6",0.19642857142857145,none,own,0.0,skilled employee / official,0.0,"yes, registered under the customers name",yes
no checking account,0.47058823529411764,no credits taken/ all credits paid back duly,repairs,0.13002090899086607,... < 100 DM,1 <= ... < 4 years,1.0,male : single,none,0.3333333333333333,"car or other, not in attribute 6",0.14285714285714285,none,own,0.3333333333333333,skilled employee / official,0.0,none,yes
0 <= ... < 200 DM,0.6470588235294117,existing credits paid back duly till now,radio/television,0.5893584241223726,>= 1000 DM,4 <= ... < 7 years,0.0,male : single,co-applicant,0.3333333333333333,unknown / no property,0.14285714285714285,bank,own,0.3333333333333333,skilled employee / official,0.0,"yes, registered under the customers name",yes
... < 0 DM,0.1176470588235294,existing credits paid back duly till now,furniture/equipment,0.41900517222405637,... < 100 DM,>= 7 years,1.0,male : single,none,1.0,unknown / no property,0.6071428571428572,none,for free,0.0,management/ self-employed/ highly qualified employee/ officer,0.0,"yes, registered under the customers name",yes
no checking account,0.07352941176470588,existing credits paid back duly till now,radio/television,0.0675690546935182,... < 100 DM,4 <= ... < 7 years,1.0,male : single,none,0.3333333333333333,"car or other, not in attribute 6",0.0535714285714286,none,own,0.0,skilled employee / official,0.0,none,yes
... < 0 DM,0.2941176470588235,existing credits paid back duly till now,furniture/equipment,0.15951359084406297,... < 100 DM,< 1 year,1.0,male : single,none,0.0,unknown / no property,0.0535714285714286,bank,for free,0.0,skilled employee / official,0.0,none,yes
... >= 200 DM / salary assignments for at least 1 year,0.47058823529411764,existing credits paid back duly till now,radio/television,0.21789369428854408,... < 100 DM,1 <= ... < 4 years,1.0,male : single,none,0.3333333333333333,"car or other, not in attribute 6",0.125,none,own,0.0,skilled employee / official,0.0,none,yes
no checking account,0.07352941176470588,existing credits paid back duly till now,car (new),0.12418840101243535,500 <= ... < 1000 DM,>= 7 years,0.3333333333333333,male : single,none,1.0,unknown / no property,0.5714285714285714,none,for free,0.0,unskilled - resident,0.0,none,yes
no checking account,0.1176470588235294,existing credits paid back duly till now,radio/television,0.10404974138879718,100 <= ... < 500 DM,4 <= ... < 7 years,0.6666666666666667,male : single,none,0.0,unknown / no property,0.28571428571428575,none,own,0.0,skilled employee / official,0.0,none,yes
0 <= ... < 200 DM,0.20588235294117646,existing credits paid back duly till now,radio/television,0.03389457466710685,... < 100 DM,1 <= ... < 4 years,1.0,male : married/widowed,guarantor,0.3333333333333333,real estate,0.10714285714285715,none,own,0.0,unskilled - resident,0.0,none,yes
no checking account,0.0,critical account/ other credits existing (not at this bank),radio/television,0.07120061626499395,... < 100 DM,4 <= ... < 7 years,0.3333333333333333,male : single,none,0.0,real estate,0.41071428571428575,none,own,0.6666666666666667,unskilled - resident,1.0,none,yes
... < 0 DM,0.2941176470588235,existing credits paid back duly till now,radio/television,0.086552217453505,... < 100 DM,unemployed,1.0,male : single,none,0.3333333333333333,"car or other, not in attribute 6",0.19642857142857145,stores,own,0.0,management/ self-employed/ highly qualified employee/ officer,1.0,none,yes
0 <= ... < 200 DM,0.029411764705882346,existing credits paid back duly till now,car (new),0.7871134587872785,unknown/ no savings account,unemployed,0.0,male : single,none,0.3333333333333333,building society savings agreement/ life insurance,0.07142857142857145,none,own,0.0,unemployed/ unskilled - non-resident,0.0,"yes, registered under the customers name",yes
0 <= ... < 200 DM,0.25,existing credits paid back duly till now,business,0.1384945526576428,100 <= ... < 500 DM,>= 7 years,1.0,male : divorced/separated,none,0.3333333333333333,"car or other, not in attribute 6",0.75,bank,rent,0.3333333333333333,unskilled - resident,0.0,none,yes
no checking account,0.1176470588235294,critical account/ other credits existing (not at this bank),radio/television,0.05727963024100363,... < 100 DM,1 <= ... < 4 years,1.0,female : divorced/separated/married,none,0.3333333333333333,building society savings agreement/ life insurance,0.28571428571428575,none,own,0.3333333333333333,skilled employee / official,0.0,none,yes
... < 0 DM,0.38235294117647056,existing credits paid back duly till now,radio/television,0.1250137559150435,... < 100 DM,>= 7 years,0.0,male : single,guarantor,0.6666666666666667,building society savings agreement/ life insurance,0.35714285714285715,none,own,0.0,skilled employee / official,1.0,none,yes
... < 0 DM,0.2941176470588235,existing credits paid back duly till now,car (new),0.03659073401562672,unknown/ no savings account,>= 7 years,1.0,female : divorced/separated/married,none,0.3333333333333333,"car or other, not in attribute 6",0.17857142857142855,bank,own,0.0,skilled employee / official,0.0,none,yes
no checking account,0.029411764705882346,existing credits paid back duly till now,radio/television,0.07400682293386156,... < 100 DM,4 <= ... < 7 years,0.6666666666666667,male : single,none,0.3333333333333333,building society savings agreement/ life insurance,0.5714285714285714,none,own,0.0,skilled employee / official,1.0,none,yes
... < 0 DM,0.6470588235294117,no credits taken/ all credits paid back duly,car (used),0.2396280400572246,... < 100 DM,>= 7 years,0.6666666666666667,male : single,none,1.0,unknown / no property,0.0892857142857143,none,for free,0.3333333333333333,skilled employee / official,1.0,none,yes
no checking account,0.1176470588235294,critical account/ other credits existing (not at this bank),business,0.051447122262572906,... < 100 DM,1 <= ... < 4 years,0.6666666666666667,female : divorced/separated/married,none,0.3333333333333333,real estate,0.14285714285714285,none,own,0.3333333333333333,skilled employee / official,0.0,none,yes
no checking account,0.1176470588235294,all credits at this bank paid back duly,retraining,0.17591064157587763,500 <= ... < 1000 DM,1 <= ... < 4 years,1.0,female : divorced/separated/married,none,0.6666666666666667,real estate,0.28571428571428575,none,own,0.0,unskilled - resident,1.0,none,yes
no checking account,0.2941176470588235,existing credits paid back duly till now,business,0.055463849455265765,... < 100 DM,4 <= ... < 7 years,1.0,male : single,none,0.0,real estate,0.10714285714285715,none,own,0.0,skilled employee / official,0.0,"yes, registered under the customers name",yes
no checking account,0.1176470588235294,critical account/ other credits existing (not at this bank),radio/television,0.02569604930119952,... < 100 DM,>= 7 years,1.0,male : single,none,1.0,real estate,0.5892857142857142,none,own,0.6666666666666667,skilled employee / official,0.0,none,yes
no checking account,0.029411764705882346,no credits taken/ all credits paid back duly,car (new),0.05249257180587652,100 <= ... < 500 DM,1 <= ... < 4 years,1.0,male : single,none,0.0,unknown / no property,0.28571428571428575,bank,rent,0.0,skilled employee / official,0.0,none,no
... >= 200 DM / salary assignments for at least 1 year,0.2941176470588235,existing credits paid back duly till now,furniture/equipment,0.09216463079124024,... < 100 DM,1 <= ... < 4 years,0.3333333333333333,male : single,none,0.3333333333333333,real estate,0.125,none,own,0.0,skilled employee / official,0.0,none,yes
no checking account,0.20588235294117646,existing credits paid back duly till now,radio/television,0.010069329811819083,... < 100 DM,unemployed,0.6666666666666667,female : divorced/separated/married,co-applicant,1.0,real estate,0.0535714285714286,none,rent,0.0,skilled employee / official,0.0,none,yes
... < 0 DM,0.029411764705882346,critical account/ other credits existing (not at this bank),car (new),0.022889842632331906,>= 1000 DM,4 <= ... < 7 years,0.6666666666666667,female : divorced/separated/married,none,1.0,real estate,0.35714285714285715,none,own,0.3333333333333333,unskilled - resident,0.0,"yes, registered under the customers name",yes
... >= 200 DM / salary assignments for at least 1 year,0.1176470588235294,existing credits paid back duly till now,furniture/equipment,0.1101023440079234,... < 100 DM,1 <= ... < 4 years,0.0,female : divorced/separated/married,none,0.3333333333333333,"car or other, not in attribute 6",0.48214285714285715,none,own,0.0,unskilled - resident,0.0,none,yes
0 <= ... < 200 DM,0.38235294117647056,existing credits paid back duly till now,car (new),0.10454495433036205,... < 100 DM,1 <= ... < 4 years,1.0,female : divorced/separated/married,guarantor,0.3333333333333333,unknown / no property,0.0892857142857143,bank,own,0.0,skilled employee / official,0.0,none,yes
no checking account,0.2941176470588235,delay in paying off in the past,furniture/equipment,0.21464729833828547,100 <= ... < 500 DM,1 <= ... < 4 years,0.3333333333333333,male : single,none,0.6666666666666667,building society savings agreement/ life insurance,0.28571428571428575,none,own,0.3333333333333333,skilled employee / official,0.0,none,yes
0 <= ... < 200 DM,0.07352941176470588,existing credits paid back duly till now,furniture/equipment,0.09794211510949709,unknown/ no savings account,4 <= ... < 7 years,0.3333333333333333,male : single,none,0.0,"car or other, not in attribute 6",0.0892857142857143,none,own,0.0,skilled employee / official,0.0,"yes, registered under the customers name",yes
0 <= ... < 200 DM,0.8235294117647058,delay in paying off in the past,radio/television,0.39440959612633436,unknown/ no savings account,1 <= ... < 4 years,0.0,male : single,none,0.0,real estate,0.14285714285714285,none,own,0.0,unskilled - resident,0.0,none,yes
no checking account,0.2941176470588235,critical account/ other credits existing (not at this bank),radio/television,0.13392758886321118,... < 100 DM,1 <= ... < 4 years,1.0,male : single,none,0.3333333333333333,real estate,0.28571428571428575,none,own,0.3333333333333333,unskilled - resident,0.0,none,yes
... < 0 DM,0.1176470588235294,all credits at this bank paid back duly,radio/television,0.10448993067018818,... < 100 DM,1 <= ... < 4 years,1.0,male : divorced/separated,none,0.0,unknown / no property,0.17857142857142855,none,for free,0.0,skilled employee / official,0.0,none,yes
no checking account,0.16176470588235292,existing credits paid back duly till now,car (used),0.19599427753934193,100 <= ... < 500 DM,< 1 year,0.0,female : divorced/separated/married,none,1.0,"car or other, not in attribute 6",0.07142857142857145,none,own,0.0,skilled employee / official,0.0,"yes, registered under the customers name",yes
no checking account,0.10294117647058824,critical account/ other credits existing (not at this bank),radio/television,0.04974138879718279,100 <= ... < 500 DM,unemployed,1.0,female : divorced/separated/married,none,1.0,real estate,0.6785714285714286,none,own,0.6666666666666667,unskilled - resident,0.0,none,yes
... < 0 DM,0.1176470588235294,existing credits paid back duly till now,furniture/equipment,0.07741828986464179,... < 100 DM,1 <= ... < 4 years,0.3333333333333333,male : single,none,0.3333333333333333,real estate,0.14285714285714285,none,own,0.0,skilled employee / official,0.0,none,yes
... < 0 DM,0.2941176470588235,existing credits paid back duly till now,radio/television,0.07444701221525256,... < 100 DM,>= 7 years,1.0,female : divorced/separated/married,none,1.0,"car or other, not in attribute 6",0.6428571428571428,none,own,0.0,skilled employee / official,0.0,none,yes
... < 0 DM,0.20588235294117646,critical account/ other credits existing (not at this bank),car (new),0.27797953119841534,... < 100 DM,>= 7 years,0.3333333333333333,male : single,none,1.0,unknown / no property,0.30357142857142855,none,for free,0.6666666666666667,management/ self-employed/ highly qualified employee/ officer,0.0,"yes, registered under the customers name",yes
no checking account,0.1176470588235294,critical account/ other credits existing (not at this bank),education,0.13744910311433917,... < 100 DM,>= 7 years,0.3333333333333333,female : divorced/separated/married,none,1.0,unknown / no property,0.6785714285714286,bank,for free,0.6666666666666667,unskilled - resident,0.0,none,yes
no checking account,0.08823529411764706,critical account/ other credits existing (not at this bank),car (new),0.05397821063057115,... < 100 DM,>= 7 years,0.6666666666666667,male : single,none,1.0,real estate,0.23214285714285715,none,own,0.3333333333333333,unskilled - resident,1.0,none,no
0 <= ... < 200 DM,0.16176470588235292,existing credits paid back duly till now,radio/television,0.030373060415978873,... < 100 DM,>= 7 years,1.0,male : single,none,0.6666666666666667,"car or other, not in attribute 6",0.32142857142857145,none,own,0.0,skilled employee / official,1.0,none,yes
no checking account,0.47058823529411764,critical account/ other credits existing (not at this bank),business,0.33311323869263787,unknown/ no savings account,>= 7 years,1.0,male : single,none,1.0,real estate,0.30357142857142855,none,own,0.3333333333333333,skilled employee / official,0.0,none,yes
no checking account,0.2941176470588235,existing credits paid back duly till now,radio/television,0.07059535600308132,... < 100 DM,< 1 year,1.0,female : divorced/separated/married,none,0.6666666666666667,"car or other, not in attribute 6",0.33928571428571425,stores,own,0.0,skilled employee / official,0.0,"yes, registered under the customers name",yes
... < 0 DM,0.14705882352941174,existing credits paid back duly till now,car (new),0.48024650599757895,... < 100 DM,>= 7 years,0.0,male : divorced/separated,none,1.0,building society savings agreement/ life insurance,0.46428571428571425,none,own,0.0,management/ self-employed/ highly qualified employee/ officer,0.0,"yes, registered under the customers name",no
no checking account,0.2941176470588235,existing credits paid back duly till now,radio/television,0.041212721470232194,unknown/ no savings account,>= 7 years,1.0,male : single,none,0.3333333333333333,"car or other, not in attribute 6",0.10714285714285715,none,own,0.3333333333333333,skilled employee / official,0.0,none,yes
no checking account,0.20588235294117646,existing credits paid back duly till now,car (new),0.13271706833938596,unknown/ no savings account,4 <= ... < 7 years,1.0,male : single,none,0.6666666666666667,building society savings agreement/ life insurance,0.23214285714285715,none,own,0.0,skilled employee / official,0.0,none,no
no checking account,0.1176470588235294,critical account/ other credits existing (not at this bank),furniture/equipment,0.06338725652030373,500 <= ... < 1000 DM,4 <= ... < 7 years,0.6666666666666667,female : divorced/separated/married,none,1.0,"car or other, not in attribute 6",0.32142857142857145,none,rent,0.0,skilled employee / official,0.0,"yes, registered under the customers name",yes
0 <= ... < 200 DM,0.6470588235294117,all credits at this bank paid back duly,car (new),0.6558270056124132,unknown/ no savings account,unemployed,1.0,male : single,co-applicant,1.0,unknown / no property,0.30357142857142855,none,for free,0.0,management/ self-employed/ highly qualified employee/ officer,0.0,"yes, registered under the customers name",yes
0 <= ... < 200 DM,0.6470588235294117,existing credits paid back duly till now,radio/television,0.1546164850885881,... < 100 DM,4 <= ... < 7 years,1.0,male : single,none,1.0,real estate,0.16071428571428575,none,own,0.3333333333333333,skilled employee / official,0.0,none,yes
... < 0 DM,0.38235294117647056,existing credits paid back duly till now,repairs,0.6464179597226807,... < 100 DM,< 1 year,0.0,male : divorced/separated,none,0.0,unknown / no property,0.26785714285714285,none,own,0.0,unskilled - resident,0.0,"yes, registered under the customers name",yes
no checking account,0.07352941176470588,existing credits paid back duly till now,radio/television,0.13464289644547156,... < 100 DM,1 <= ... < 4 years,0.0,male : single,none,0.3333333333333333,real estate,0.23214285714285715,none,own,0.0,skilled employee / official,1.0,none,yes
no checking account,0.20588235294117646,critical account/ other credits existing (not at this bank),radio/television,0.11852096401452623,... < 100 DM,1 <= ... < 4 years,0.3333333333333333,female : divorced/separated/married,none,0.3333333333333333,"car or other, not in attribute 6",0.125,none,own,0.3333333333333333,skilled employee / official,0.0,none,yes
... < 0 DM,0.1176470588235294,existing credits paid back duly till now,furniture/equipment,0.055683944095961266,unknown/ no savings account,>= 7 years,0.3333333333333333,male : divorced/separated,none,1.0,building society savings agreement/ life insurance,0.5357142857142858,none,own,0.0,unskilled - resident,0.0,"yes, registered under the customers name",yes
no checking account,0.029411764705882346,existing credits paid back duly till now,furniture/equipment,0.23995818201826785,... < 100 DM,< 1 year,0.0,female : divorced/separated/married,none,1.0,building society savings agreement/ life insurance,0.23214285714285715,none,own,0.0,skilled employee / official,0.0,none,yes
no checking account,0.2941176470588235,existing credits paid back duly till now,radio/television,0.09084406294706723,100 <= ... < 500 DM,1 <= ... < 4 years,1.0,male : single,none,1.0,"car or other, not in attribute 6",0.17857142857142855,none,rent,0.0,management/ self-employed/ highly qualified employee/ officer,0.0,"yes, registered under the customers name",yes
no checking account,0.16176470588235292,critical account/ other credits existing (not at this bank),car (used),0.17156377242214152,>= 1000 DM,>= 7 years,0.6666666666666667,male : single,none,1.0,unknown / no property,0.07142857142857145,none,rent,0.3333333333333333,skilled employee / official,0.0,"yes, registered under the customers name",yes
no checking account,0.1176470588235294,existing credits paid back duly till now,furniture/equipment,0.07285132607021019,... < 100 DM,1 <= ... < 4 years,1.0,male : single,none,0.3333333333333333,real estate,0.5535714285714286,none,own,0.0,skilled employee / official,0.0,none,yes
... >= 200 DM / salary assignments for at least 1 year,0.20588235294117646,all credits at this bank paid back duly,radio/television,0.06575327390778034,unknown/ no savings account,4 <= ... < 7 years,1.0,male : single,none,1.0,"car or other, not in attribute 6",0.5357142857142858,bank,own,0.0,unskilled - resident,0.0,none,yes
no checking account,0.16176470588235292,critical account/ other credits existing (not at this bank),furniture/equipment,0.06988004842082095,unknown/ no savings account,>= 7 years,1.0,male : single,none,1.0,building society savings agreement/ life insurance,0.7857142857142858,none,own,0.0,skilled employee / official,0.0,none,yes
0 <= ... < 200 DM,0.2941176470588235,critical account/ other credits existing (not at this bank),car (new),0.19962583911081766,100 <= ... < 500 DM,< 1 year,1.0,male : divorced/separated,none,0.3333333333333333,"car or other, not in attribute 6",0.32142857142857145,none,own,0.0,skilled employee / official,0.0,"yes, registered under the customers name",yes
... < 0 DM,0.6323529411764706,existing credits paid back duly till now,car (new),0.5762077693408165,... < 100 DM,< 1 year,0.0,female : divorced/separated/married,none,0.0,real estate,0.28571428571428575,none,own,0.0,unskilled - resident,0.0,"yes, registered under the customers name",yes
... < 0 DM,0.6470588235294117,existing credits paid back duly till now,car (used),0.24969736986904373,... < 100 DM,4 <= ... < 7 years,1.0,male : single,none,0.6666666666666667,building society savings agreement/ life insurance,0.125,none,own,0.0,skilled employee / official,1.0,none,yes
0 <= ... < 200 DM,0.6470588235294117,delay in paying off in the past,others,0.4034334763948498,100 <= ... < 500 DM,unemployed,0.3333333333333333,male : single,none,1.0,unknown / no property,0.21428571428571425,none,for free,0.0,management/ self-employed/ highly qualified employee/ officer,0.0,"yes, registered under the customers name",yes
0 <= ... < 200 DM,0.1176470588235294,existing credits paid back duly till now,radio/television,0.04632992186640256,... < 100 DM,1 <= ... < 4 years,1.0,female : divorced/separated/married,guarantor,1.0,real estate,0.5357142857142858,none,own,0.3333333333333333,skilled employee / official,0.0,"yes, registered under the customers name",yes
... < 0 DM,0.2941176470588235,delay in paying off in the past,radio/television,0.04258831297457907,... < 100 DM,< 1 year,1.0,male : married/widowed,none,1.0,real estate,0.5178571428571428,stores,own,0.0,skilled employee / official,0.0,none,yes
no checking account,0.1176470588235294,existing credits paid back duly till now,business,0.045449543303620554,... < 100 DM,1 <= ... < 4 years,0.3333333333333333,male : married/widowed,none,0.3333333333333333,real estate,0.125,none,own,0.0,skilled employee / official,0.0,"yes, registered under the customers name",no
0 <= ... < 200 DM,0.47058823529411764,existing credits paid back duly till now,car (used),0.5033564432706064,... < 100 DM,< 1 year,0.0,male : married/widowed,none,1.0,"car or other, not in attribute 6",0.16071428571428575,none,rent,0.0,management/ self-employed/ highly qualified employee/ officer,0.0,"yes, registered under the customers name",yes
... < 0 DM,0.2941176470588235,critical account/ other credits existing (not at this bank),car (used),0.33944095961263343,... < 100 DM,>= 7 years,0.3333333333333333,female : divorced/separated/married,none,1.0,unknown / no property,0.44642857142857145,none,for free,0.3333333333333333,management/ self-employed/ highly qualified employee/ officer,1.0,"yes, registered under the customers name",yes
... >= 200 DM / salary assignments for at least 1 year,0.5588235294117647,critical account/ other credits existing (not at this bank),car (used),0.2501375591504347,... < 100 DM,>= 7 years,1.0,male : single,none,1.0,unknown / no property,0.6607142857142858,none,for free,0.0,skilled employee / official,0.0,none,yes
no checking account,0.6470588235294117,critical account/ other credits existing (not at this bank),business,0.40601958842302194,unknown/ no savings account,>= 7 years,1.0,male : divorced/separated,none,0.3333333333333333,"car or other, not in attribute 6",0.48214285714285715,bank,own,0.3333333333333333,management/ self-employed/ highly qualified employee/ officer,1.0,none,yes
0 <= ... < 200 DM,0.6470588235294117,existing credits paid back duly till now,furniture/equipment,0.5342797402883239,... < 100 DM,< 1 year,0.0,female : divorced/separated/married,none,0.3333333333333333,"car or other, not in attribute 6",0.125,none,own,0.0,skilled employee / official,0.0,"yes, registered under the customers name",yes
no checking account,0.1176470588235294,existing credits paid back duly till now,car (used),0.24347969626939586,unknown/ no savings account,< 1 year,0.0,female : divorced/separated/married,none,1.0,"car or other, not in attribute 6",0.01785714285714285,none,rent,0.0,skilled employee / official,0.0,none,yes
no checking account,0.08823529411764706,existing credits paid back duly till now,car (new),0.05705953560030813,unknown/ no savings account,>= 7 years,1.0,male : single,co-applicant,0.3333333333333333,building society savings agreement/ life insurance,0.46428571428571425,none,own,0.0,unskilled - resident,0.0,none,no
no checking account,0.20588235294117646,existing credits paid back duly till now,furniture/equipment,0.12462859029382635,... < 100 DM,1 <= ... < 4 years,0.6666666666666667,male : single,none,1.0,real estate,0.42857142857142855,none,own,0.0,skilled employee / official,0.0,"yes, registered under the customers name",yes
0 <= ... < 200 DM,0.25,critical account/ other credits existing (not at this bank),furniture/equipment,0.13728403213381754,>= 1000 DM,4 <= ... < 7 years,0.6666666666666667,male : single,none,0.3333333333333333,"car or other, not in attribute 6",0.23214285714285715,none,own,0.3333333333333333,skilled employee / official,0.0,"yes, registered under the customers name",yes
no checking account,0.029411764705882346,existing credits paid back duly till now,car (new),0.02321998459337515,... < 100 DM,unemployed,0.0,female : divorced/separated/married,none,1.0,real estate,0.625,none,own,0.0,unemployed/ unskilled - non-resident,0.0,"yes, registered under the customers name",yes
0 <= ... < 200 DM,0.47058823529411764,no credits taken/ all credits paid back duly,radio/television,0.19555408825795093,... < 100 DM,1 <= ... < 4 years,1.0,female : divorced/separated/married,none,0.0,"car or other, not in attribute 6",0.41071428571428575,none,own,0.0,skilled employee / official,0.0,"yes, registered under the customers name",yes
... >= 200 DM / salary assignments for at least 1 year,0.2941176470588235,critical account/ other credits existing (not at this bank),car (new),0.06019588423021899,unknown/ no savings account,4 <= ... < 7 years,1.0,male : single,none,0.3333333333333333,real estate,0.32142857142857145,bank,own,0.3333333333333333,unskilled - resident,1.0,none,yes
... < 0 DM,0.08823529411764706,critical account/ other credits existing (not at this bank),car (new),0.04335864421701331,... < 100 DM,4 <= ... < 7 years,1.0,male : single,co-applicant,0.6666666666666667,building society savings agreement/ life insurance,0.5357142857142858,none,own,0.3333333333333333,skilled employee / official,0.0,"yes, registered under the customers name",yes
no checking account,0.6470588235294117,critical account/ other credits existing (not at this bank),car (new),0.543468691537361,500 <= ... < 1000 DM,1 <= ... < 4 years,0.3333333333333333,male : single,none,0.3333333333333333,unknown / no property,0.44642857142857145,bank,for free,0.0,skilled employee / official,0.0,none,yes
no checking account,0.029411764705882346,existing credits paid back duly till now,furniture/equipment,0.07114559260482008,>= 1000 DM,1 <= ... < 4 years,1.0,male : divorced/separated,none,0.3333333333333333,real estate,0.25000000000000006,none,own,0.0,skilled employee / official,0.0,none,yes
no checking account,0.38235294117647056,existing credits paid back duly till now,car (used),0.25096291405304283,unknown/ no savings account,4 <= ... < 7 years,0.3333333333333333,female : divorced/separated/married,none,1.0,building society savings agreement/ life insurance,0.0892857142857143,stores,rent,0.0,unskilled - resident,0.0,none,yes
... < 0 DM,0.1176470588235294,existing credits paid back duly till now,radio/television,0.026246285902938263,100 <= ... < 500 DM,< 1 year,1.0,male : married/widowed,none,0.6666666666666667,unknown / no property,0.25000000000000006,none,own,0.0,unskilled - resident,0.0,"yes, registered under the customers name",yes
0 <= ... < 200 DM,0.058823529411764705,existing credits paid back duly till now,furniture/equipment,0.05430835259161439,... < 100 DM,1 <= ... < 4 years,0.6666666666666667,female : divorced/separated/married,none,1.0,real estate,0.0892857142857143,none,own,0.0,skilled employee / official,0.0,none,yes
0 <= ... < 200 DM,0.07352941176470588,existing credits paid back duly till now,car (new),0.001430615164520744,... < 100 DM,1 <= ... < 4 years,1.0,male : married/widowed,none,1.0,real estate,0.0535714285714286,none,rent,0.0,unskilled - resident,0.0,none,yes
0 <= ... < 200 DM,0.6470588235294117,existing credits paid back duly till now,others,0.28232640035215145,unknown/ no savings account,unemployed,0.6666666666666667,male : single,none,1.0,unknown / no property,0.37499999999999994,bank,for free,0.0,unemployed/ unskilled - non-resident,0.0,"yes, registered under the customers name",yes
no checking account,0.2941176470588235,existing credits paid back duly till now,furniture/equipment,0.28947947617475517,100 <= ... < 500 DM,1 <= ... < 4 years,1.0,male : single,none,0.0,"car or other, not in attribute 6",0.10714285714285715,stores,own,0.0,skilled employee / official,0.0,none,yes
... >= 200 DM / salary assignments for at least 1 year,0.2941176470588235,existing credits paid back duly till now,furniture/equipment,0.19252778694838782,... < 100 DM,< 1 year,0.3333333333333333,female : divorced/separated/married,none,1.0,"car or other, not in attribute 6",0.125,none,own,0.0,skilled employee / official,0.0,none,yes
0 <= ... < 200 DM,0.1176470588235294,existing credits paid back duly till now,car (new),0.023935292175635527,... < 100 DM,4 <= ... < 7 years,0.3333333333333333,male : married/widowed,none,0.6666666666666667,"car or other, not in attribute 6",0.10714285714285715,bank,own,0.0,unskilled - resident,0.0,none,yes
... >= 200 DM / salary assignments for at least 1 year,0.0,existing credits paid back duly till now,car (new),0.06844943325630021,unknown/ no savings account,< 1 year,0.0,male : single,none,0.3333333333333333,real estate,0.17857142857142855,none,own,0.0,unskilled - resident,1.0,none,no
... < 0 DM,0.47058823529411764,all credits at this bank paid back duly,furniture/equipment,0.13733905579399142,... < 100 DM,>= 7 years,1.0,male : single,none,1.0,"car or other, not in attribute 6",0.21428571428571425,bank,own,0.0,skilled employee / official,0.0,none,yes
... < 0 DM,0.1176470588235294,existing credits paid back duly till now,furniture/equipment,0.025200836359634642,... < 100 DM,1 <= ... < 4 years,0.3333333333333333,male : single,guarantor,0.6666666666666667,building society savings agreement/ life insurance,0.33928571428571425,none,own,0.0,unskilled - resident,1.0,none,yes
0 <= ... < 200 DM,0.2941176470588235,existing credits paid back duly till now,furniture/equipment,0.22565203037306042,unknown/ no savings account,1 <= ... < 4 years,0.0,female : divorced/separated/married,none,1.0,building society savings agreement/ life insurance,0.5178571428571428,none,own,0.0,unskilled - resident,0.0,"yes, registered under the customers name",yes
no checking account,0.1176470588235294,critical account/ other credits existing (not at this bank),education,0.024815670738417523,... < 100 DM,1 <= ... < 4 years,1.0,male : single,none,0.3333333333333333,"car or other, not in attribute 6",0.23214285714285715,none,own,0.3333333333333333,skilled employee / official,0.0,none,yes
... < 0 DM,0.16176470588235292,delay in paying off in the past,furniture/equipment,0.1866952789699571,... < 100 DM,>= 7 years,0.0,female : divorced/separated/married,none,1.0,building society savings agreement/ life insurance,0.14285714285714285,none,own,0.3333333333333333,unskilled - resident,0.0,none,yes
0 <= ... < 200 DM,0.38235294117647056,critical account/ other credits existing (not at this bank),car (new),0.2200396170353252,... < 100 DM,unemployed,1.0,male : married/widowed,none,0.3333333333333333,"car or other, not in attribute 6",0.16071428571428575,none,own,0.3333333333333333,management/ self-employed/ highly qualified employee/ officer,0.0,none,yes
... < 0 DM,0.2941176470588235,existing credits paid back duly till now,radio/television,0.0928799383735006,... < 100 DM,< 1 year,1.0,male : divorced/separated,none,0.6666666666666667,building society savings agreement/ life insurance,0.23214285714285715,none,own,0.0,skilled employee / official,0.0,none,yes
... < 0 DM,0.2941176470588235,existing credits paid back duly till now,car (used),0.1463629360625069,... < 100 DM,4 <= ... < 7 years,0.3333333333333333,male : single,none,0.0,unknown / no property,0.26785714285714285,none,for free,0.0,management/ self-employed/ highly qualified employee/ officer,0.0,"yes, registered under the customers name",yes
... < 0 DM,0.20588235294117646,existing credits paid back duly till now,furniture/equipment,0.13255199735886433,>= 1000 DM,1 <= ... < 4 years,1.0,male : single,none,0.3333333333333333,"car or other, not in attribute 6",0.16071428571428575,none,own,0.0,skilled employee / official,0.0,none,yes
no checking account,0.20588235294117646,critical account/ other credits existing (not at this bank),car (new),0.042808407615274574,... < 100 DM,1 <= ... < 4 years,1.0,female : divorced/separated/married,none,0.6666666666666667,real estate,0.30357142857142855,none,own,0.3333333333333333,skilled employee / official,0.0,none,yes
... < 0 DM,0.058823529411764705,critical account/ other credits existing (not at this bank),car (new),0.17321448222735777,... < 100 DM,4 <= ... < 7 years,0.0,male : single,none,1.0,real estate,0.35714285714285715,none,own,0.3333333333333333,unskilled - resident,0.0,none,no
no checking account,0.1176470588235294,critical account/ other credits existing (not at this bank),furniture/equipment,0.30543633762517886,unknown/ no savings account,>= 7 years,0.3333333333333333,male : single,none,1.0,building society savings agreement/ life insurance,0.5357142857142858,none,rent,0.0,skilled employee / official,0.0,"yes, registered under the customers name",yes
no checking account,0.2941176470588235,existing credits paid back duly till now,car (new),0.07015516672169032,>= 1000 DM,4 <= ... < 7 years,1.0,female : divorced/separated/married,none,0.6666666666666667,"car or other, not in attribute 6",0.26785714285714285,none,own,0.0,skilled employee / official,1.0,"yes, registered under the customers name",yes
... >= 200 DM / salary assignments for at least 1 year,0.47058823529411764,existing credits paid back duly till now,radio/television,0.23236491691427316,... < 100 DM,>= 7 years,1.0,male : single,none,0.3333333333333333,"car or other, not in attribute 6",0.21428571428571425,none,own,0.0,skilled employee / official,0.0,none,yes
0 <= ... < 200 DM,0.029411764705882346,existing credits paid back duly till now,radio/television,0.04500935402222955,... < 100 DM,>= 7 years,1.0,male : single,none,1.0,"car or other, not in attribute 6",0.16071428571428575,none,own,0.0,skilled employee / official,1.0,none,yes
... < 0 DM,0.2941176470588235,critical account/ other credits existing (not at this bank),car (used),0.3502255970067129,... < 100 DM,unemployed,0.3333333333333333,male : single,none,1.0,unknown / no property,1.0,none,for free,0.3333333333333333,management/ self-employed/ highly qualified employee/ officer,0.0,"yes, registered under the customers name",yes
no checking account,0.20588235294117646,critical account/ other credits existing (not at this bank),education,0.08880818752063387,100 <= ... < 500 DM,1 <= ... < 4 years,1.0,female : divorced/separated/married,none,0.3333333333333333,real estate,0.19642857142857145,none,own,0.3333333333333333,skilled employee / official,0.0,none,yes
0 <= ... < 200 DM,0.8235294117647058,existing credits paid back duly till now,car (new),0.3938593595245956,100 <= ... < 500 DM,< 1 year,1.0,female : divorced/separated/married,none,0.3333333333333333,building society savings agreement/ life insurance,0.0892857142857143,none,own,0.0,management/ self-employed/ highly qualified employee/ officer,0.0,none,yes
no checking account,0.6470588235294117,critical account/ other credits existing (not at this bank),car (used),0.6239683063717398,100 <= ... < 500 DM,1 <= ... < 4 years,0.3333333333333333,female : divorced/separated/married,none,1.0,"car or other, not in attribute 6",0.0892857142857143,bank,rent,0.3333333333333333,unskilled - resident,0.0,none,yes
... < 0 DM,0.2941176470588235,no credits taken/ all credits paid back duly,furniture/equipment,0.21239132827115662,... < 100 DM,>= 7 years,0.6666666666666667,male : single,none,1.0,unknown / no property,0.07142857142857145,bank,rent,0.3333333333333333,skilled employee / official,1.0,none,yes
... < 0 DM,0.029411764705882346,critical account/ other credits existing (not at this bank),furniture/equipment,0.17244415098492352,... < 100 DM,1 <= ... < 4 years,0.0,male : divorced/separated,none,1.0,real estate,0.44642857142857145,none,rent,0.0,management/ self-employed/ highly qualified employee/ officer,0.0,"yes, registered under the customers name",yes
0 <= ... < 200 DM,0.13235294117647056,existing credits paid back duly till now,radio/television,0.10184879498184218,... < 100 DM,< 1 year,0.3333333333333333,female : divorced/separated/married,guarantor,1.0,building society savings agreement/ life insurance,0.07142857142857145,none,own,0.0,unskilled - resident,0.0,none,yes
... < 0 DM,0.16176470588235292,existing credits paid back duly till now,domestic appliances,0.05639925167822163,unknown/ no savings account,1 <= ... < 4 years,1.0,female : divorced/separated/married,none,0.3333333333333333,"car or other, not in attribute 6",0.0892857142857143,none,rent,0.0,skilled employee / official,0.0,none,yes
... < 0 DM,0.2941176470588235,existing credits paid back duly till now,furniture/equipment,0.21563772422141522,... < 100 DM,1 <= ... < 4 years,1.0,male : single,none,1.0,building society savings agreement/ life insurance,0.16071428571428575,none,own,0.0,skilled employee / official,0.0,none,yes
0 <= ... < 200 DM,0.08823529411764706,existing credits paid back duly till now,furniture/equipment,0.06993507208099482,... < 100 DM,1 <= ... < 4 years,1.0,male : divorced/separated,none,0.3333333333333333,"car or other, not in attribute 6",0.21428571428571425,none,own,0.0,unskilled - resident,0.0,none,yes
0 <= ... < 200 DM,0.2941176470588235,critical account/ other credits existing (not at this bank),education,0.3022449653350941,... < 100 DM,< 1 year,0.3333333333333333,female : divorced/separated/married,none,1.0,unknown / no property,0.0892857142857143,none,for free,0.3333333333333333,skilled employee / official,0.0,"yes, registered under the customers name",yes
... < 0 DM,0.25,existing credits paid back duly till now,furniture/equipment,0.1842742379223066,... < 100 DM,4 <= ... < 7 years,0.0,female : divorced/separated/married,none,1.0,"car or other, not in attribute 6",0.125,none,rent,0.0,unskilled - resident,0.0,none,yes
0 <= ... < 200 DM,0.20588235294117646,existing credits paid back duly till now,radio/television,0.16303510509519095,500 <= ... < 1000 DM,< 1 year,0.0,male : married/widowed,none,0.6666666666666667,real estate,0.10714285714285715,none,rent,0.0,skilled employee / official,0.0,none,yes
0 <= ... < 200 DM,0.20588235294117646,existing credits paid back duly till now,business,0.2304941124683614,... < 100 DM,>= 7 years,0.0,male : single,co-applicant,0.0,real estate,0.25000000000000006,bank,own,0.0,management/ self-employed/ highly qualified employee/ officer,0.0,"yes, registered under the customers name",yes
... >= 200 DM / salary assignments for at least 1 year,0.08823529411764706,existing credits paid back duly till now,car (new),0.20353251898316277,... < 100 DM,< 1 year,0.0,male : single,guarantor,0.0,building society savings agreement/ life insurance,0.32142857142857145,none,own,0.0,unskilled - resident,1.0,none,yes
no checking account,0.16176470588235292,critical account/ other credits existing (not at this bank),radio/television,0.06652360515021459,... < 100 DM,1 <= ... < 4 years,1.0,female : divorced/separated/married,none,0.3333333333333333,"car or other, not in attribute 6",0.42857142857142855,none,own,0.0,unskilled - resident,0.0,none,yes
0 <= ... < 200 DM,0.13235294117647056,critical account/ other credits existing (not at this bank),radio/television,0.034774953229888855,... < 100 DM,< 1 year,1.0,male : single,guarantor,1.0,real estate,0.07142857142857145,none,own,0.3333333333333333,skilled employee / official,0.0,none,yes
0 <= ... < 200 DM,0.2941176470588235,existing credits paid back duly till now,radio/television,0.1930229998899527,500 <= ... < 1000 DM,unemployed,0.0,female : divorced/separated/married,none,1.0,unknown / no property,0.07142857142857145,none,rent,0.0,unemployed/ unskilled - non-resident,0.0,none,yes
no checking account,0.029411764705882346,delay in paying off in the past,business,0.08215032463959503,100 <= ... < 500 DM,1 <= ... < 4 years,0.0,male : single,none,0.3333333333333333,real estate,0.26785714285714285,none,own,0.3333333333333333,unskilled - resident,0.0,none,yes
0 <= ... < 200 DM,0.07352941176470588,critical account/ other credits existing (not at this bank),education,0.048750962914053037,>= 1000 DM,>= 7 years,1.0,male : single,none,0.6666666666666667,unknown / no property,0.23214285714285715,none,for free,0.3333333333333333,skilled employee / official,1.0,none,yes
no checking account,0.07352941176470588,existing credits paid back duly till now,domestic appliances,0.05425332893144051,... < 100 DM,< 1 year,0.0,female : divorced/separated/married,none,1.0,real estate,0.07142857142857145,none,rent,0.0,skilled employee / official,0.0,"yes, registered under the customers name",yes
0 <= ... < 200 DM,0.07352941176470588,existing credits paid back duly till now,furniture/equipment,0.039011775063277215,... < 100 DM,1 <= ... < 4 years,0.0,female : divorced/separated/married,none,0.3333333333333333,"car or other, not in attribute 6",0.17857142857142855,none,own,0.0,skilled employee / official,0.0,none,no
no checking account,0.20588235294117646,critical account/ other credits existing (not at this bank),car (used),0.16391548365797293,unknown/ no savings account,unemployed,0.3333333333333333,male : single,none,1.0,unknown / no property,0.33928571428571425,none,own,0.0,management/ self-employed/ highly qualified employee/ officer,0.0,"yes, registered under the customers name",yes
... < 0 DM,0.1176470588235294,no credits taken/ all credits paid back duly,radio/television,0.327335754374381,... < 100 DM,1 <= ... < 4 years,1.0,male : single,none,0.3333333333333333,building society savings agreement/ life insurance,0.16071428571428575,none,rent,0.3333333333333333,skilled employee / official,0.0,"yes, registered under the customers name",yes
no checking account,0.08823529411764706,existing credits paid back duly till now,education,0.026246285902938263,500 <= ... < 1000 DM,>= 7 years,1.0,male : single,none,1.0,unknown / no property,0.48214285714285715,none,for free,0.0,skilled employee / official,0.0,"yes, registered under the customers name",yes
0 <= ... < 200 DM,0.2941176470588235,existing credits paid back duly till now,car (new),0.05480356553317926,... < 100 DM,< 1 year,1.0,male : single,none,0.3333333333333333,real estate,0.07142857142857145,stores,own,0.0,unskilled - resident,0.0,none,yes
no checking account,0.1176470588235294,critical account/ other credits existing (not at this bank),radio/television,0.11450423682183337,unknown/ no savings account,>= 7 years,0.0,male : single,co-applicant,1.0,real estate,0.5357142857142858,none,own,0.0,skilled employee / official,0.0,"yes, registered under the customers name",yes
no checking account,0.47058823529411764,delay in paying off in the past,radio/television,0.2318146803125344,... < 100 DM,1 <= ... < 4 years,1.0,male : single,none,0.3333333333333333,"car or other, not in attribute 6",0.125,none,own,0.3333333333333333,management/ self-employed/ highly qualified employee/ officer,0.0,"yes, registered under the customers name",yes
no checking account,0.1176470588235294,existing credits paid back duly till now,radio/television,0.028942445251458126,... < 100 DM,1 <= ... < 4 years,1.0,male : married/widowed,none,0.3333333333333333,real estate,0.16071428571428575,none,own,0.0,skilled employee / official,0.0,none,yes
... < 0 DM,0.38235294117647056,existing credits paid back duly till now,furniture/equipment,0.11863101133487398,... < 100 DM,4 <= ... < 7 years,1.0,female : divorced/separated/married,none,1.0,real estate,0.07142857142857145,none,rent,0.0,skilled employee / official,0.0,none,yes
0 <= ... < 200 DM,0.20588235294117646,existing credits paid back duly till now,education,0.05441839991196214,unknown/ no savings account,1 <= ... < 4 years,1.0,male : single,none,1.0,unknown / no property,0.75,none,for free,0.0,skilled employee / official,0.0,none,yes
... >= 200 DM / salary assignments for at least 1 year,0.1176470588235294,existing credits paid back duly till now,radio/television,0.17326950588753165,unknown/ no savings account,>= 7 years,0.3333333333333333,male : single,none,0.6666666666666667,"car or other, not in attribute 6",0.32142857142857145,none,own,0.0,management/ self-employed/ highly qualified employee/ officer,0.0,none,yes
... >= 200 DM / salary assignments for at least 1 year,0.1176470588235294,delay in paying off in the past,car (new),0.1098822493672279,... < 100 DM,1 <= ... < 4 years,0.3333333333333333,female : divorced/separated/married,none,0.3333333333333333,"car or other, not in attribute 6",0.30357142857142855,stores,own,0.3333333333333333,skilled employee / official,0.0,"yes, registered under the customers name",yes
no checking account,0.029411764705882346,existing credits paid back duly till now,furniture/equipment,0.08341586882359414,... < 100 DM,1 <= ... < 4 years,0.0,male : married/widowed,none,0.3333333333333333,building society savings agreement/ life insurance,0.035714285714285754,none,rent,0.0,skilled employee / official,0.0,none,yes
... < 0 DM,0.20588235294117646,existing credits paid back duly till now,furniture/equipment,0.12231759656652359,... < 100 DM,unemployed,1.0,male : single,none,0.0,"car or other, not in attribute 6",0.10714285714285715,none,own,0.0,unemployed/ unskilled - non-resident,0.0,none,yes
no checking account,0.1176470588235294,existing credits paid back duly till now,business,0.0710905689446462,... < 100 DM,4 <= ... < 7 years,0.3333333333333333,male : single,none,1.0,"car or other, not in attribute 6",0.30357142857142855,none,own,0.0,skilled employee / official,0.0,"yes, registered under the customers name",yes
no checking account,0.20588235294117646,critical account/ other credits existing (not at this bank),car (used),0.19808517662594918,... < 100 DM,4 <= ... < 7 years,0.6666666666666667,male : single,none,0.0,"car or other, not in attribute 6",0.14285714285714285,none,own,0.3333333333333333,skilled employee / official,0.0,none,yes
... < 0 DM,0.20588235294117646,existing credits paid back duly till now,furniture/equipment,0.1870804445911742,... < 100 DM,< 1 year,0.0,female : divorced/separated/married,none,1.0,"car or other, not in attribute 6",0.0535714285714286,none,rent,0.0,skilled employee / official,0.0,none,yes
... < 0 DM,0.47058823529411764,existing credits paid back duly till now,furniture/equipment,0.17585561791570375,... < 100 DM,>= 7 years,1.0,male : single,none,0.3333333333333333,"car or other, not in attribute 6",0.41071428571428575,none,own,0.0,skilled employee / official,1.0,none,yes
0 <= ... < 200 DM,0.20588235294117646,existing credits paid back duly till now,furniture/equipment,0.1513700891383295,... < 100 DM,4 <= ... < 7 years,0.3333333333333333,female : divorced/separated/married,none,1.0,real estate,0.37499999999999994,none,rent,0.0,skilled employee / official,0.0,none,yes
no checking account,0.47058823529411764,existing credits paid back duly till now,car (new),0.15566193463189174,unknown/ no savings account,1 <= ... < 4 years,1.0,male : single,none,1.0,real estate,0.30357142857142855,none,own,0.0,skilled employee / official,0.0,none,yes
no checking account,0.20588235294117646,critical account/ other credits existing (not at this bank),radio/television,0.32023770221195114,... < 100 DM,>= 7 years,0.6666666666666667,male : single,none,1.0,"car or other, not in attribute 6",0.25000000000000006,none,own,0.3333333333333333,skilled employee / official,0.0,"yes, registered under the customers name",yes
no checking account,0.08823529411764706,critical account/ other credits existing (not at this bank),furniture/equipment,0.10432485968966655,... < 100 DM,< 1 year,0.0,female : divorced/separated/married,none,0.6666666666666667,real estate,0.07142857142857145,none,rent,0.3333333333333333,skilled employee / official,0.0,none,yes
no checking account,0.8235294117647058,critical account/ other credits existing (not at this bank),car (new),0.7431495543083525,unknown/ no savings account,>= 7 years,0.3333333333333333,male : single,none,1.0,unknown / no property,0.7857142857142858,bank,for free,0.0,management/ self-employed/ highly qualified employee/ officer,0.0,"yes, registered under the customers name",yes
0 <= ... < 200 DM,0.8235294117647058,all credits at this bank paid back duly,others,0.799603829646748,100 <= ... < 500 DM,>= 7 years,0.6666666666666667,female : divorced/separated/married,none,1.0,unknown / no property,0.7321428571428572,bank,for free,0.3333333333333333,management/ self-employed/ highly qualified employee/ officer,0.0,"yes, registered under the customers name",yes
... < 0 DM,0.6470588235294117,all credits at this bank paid back duly,business,0.4091009133927589,... < 100 DM,4 <= ... < 7 years,0.3333333333333333,female : divorced/separated/married,guarantor,1.0,"car or other, not in attribute 6",0.32142857142857145,none,rent,0.0,skilled employee / official,0.0,none,yes
no checking account,0.20588235294117646,delay in paying off in the past,radio/television,0.11389897655992078,... < 100 DM,unemployed,0.3333333333333333,male : married/widowed,none,0.6666666666666667,real estate,0.26785714285714285,none,own,0.3333333333333333,skilled employee / official,0.0,none,yes
no checking account,0.044117647058823525,delay in paying off in the past,radio/television,0.03279410146362936,unknown/ no savings account,>= 7 years,0.6666666666666667,male : single,none,1.0,unknown / no property,0.30357142857142855,none,for free,0.0,skilled employee / official,0.0,none,yes
0 <= ... < 200 DM,0.47058823529411764,existing credits paid back duly till now,car (new),0.7740728513260702,... < 100 DM,>= 7 years,1.0,male : single,none,0.3333333333333333,unknown / no property,0.6785714285714286,none,for free,0.0,management/ self-employed/ highly qualified employee/ officer,0.0,"yes, registered under the customers name",yes
no checking account,0.029411764705882346,critical account/ other credits existing (not at this bank),car (new),0.0061626499394739735,100 <= ... < 500 DM,1 <= ... < 4 years,1.0,female : divorced/separated/married,none,1.0,"car or other, not in attribute 6",0.5892857142857142,none,own,0.3333333333333333,unskilled - resident,0.0,none,yes
... < 0 DM,0.23529411764705882,existing credits paid back duly till now,furniture/equipment,0.10795642126114229,unknown/ no savings account,4 <= ... < 7 years,1.0,male : single,none,1.0,"car or other, not in attribute 6",0.35714285714285715,none,own,0.0,skilled employee / official,0.0,"yes, registered under the customers name",yes
0 <= ... < 200 DM,0.20588235294117646,existing credits paid back duly till now,car (used),0.7002310993727302,... < 100 DM,unemployed,0.6666666666666667,female : divorced/separated/married,none,1.0,unknown / no property,0.33928571428571425,none,for free,0.0,management/ self-employed/ highly qualified employee/ officer,0.0,"yes, registered under the customers name",yes
no checking account,0.2647058823529412,existing credits paid back duly till now,car (new),0.05683944095961263,unknown/ no savings account,4 <= ... < 7 years,1.0,female : divorced/separated/married,none,1.0,building society savings agreement/ life insurance,0.10714285714285715,none,rent,0.0,skilled employee / official,0.0,none,yes
... >= 200 DM / salary assignments for at least 1 year,0.1176470588235294,existing credits paid back duly till now,car (new),0.05942555298778475,... < 100 DM,< 1 year,1.0,male : single,none,0.0,real estate,0.125,none,own,0.0,skilled employee / official,0.0,none,yes
no checking account,0.38235294117647056,delay in paying off in the past,business,0.2213051612193243,100 <= ... < 500 DM,1 <= ... < 4 years,0.3333333333333333,male : single,none,0.3333333333333333,building society savings agreement/ life insurance,0.125,none,own,0.3333333333333333,unskilled - resident,0.0,none,yes
no checking account,0.20588235294117646,critical account/ other credits existing (not at this bank),radio/television,0.10938703642566304,... < 100 DM,1 <= ... < 4 years,0.3333333333333333,female : divorced/separated/married,none,0.0,"car or other, not in attribute 6",0.10714285714285715,none,own,0.3333333333333333,skilled employee / official,0.0,none,yes
no checking account,0.20588235294117646,existing credits paid back duly till now,radio/television,0.0482007263123143,unknown/ no savings account,< 1 year,1.0,female : divorced/separated/married,none,0.3333333333333333,real estate,0.035714285714285754,none,rent,0.0,skilled employee / official,0.0,"yes, registered under the customers name",yes
0 <= ... < 200 DM,0.20588235294117646,critical account/ other credits existing (not at this bank),furniture/equipment,0.39198855507868385,... < 100 DM,unemployed,1.0,male : single,none,1.0,building society savings agreement/ life insurance,0.37499999999999994,stores,own,0.3333333333333333,management/ self-employed/ highly qualified employee/ officer,0.0,"yes, registered under the customers name",yes
0 <= ... < 200 DM,0.16176470588235292,critical account/ other credits existing (not at this bank),business,0.114229118520964,500 <= ... < 1000 DM,1 <= ... < 4 years,0.3333333333333333,male : single,none,1.0,"car or other, not in attribute 6",0.14285714285714285,bank,own,0.0,skilled employee / official,0.0,none,yes
no checking account,0.07352941176470588,existing credits paid back duly till now,business,0.06597336854847584,... < 100 DM,4 <= ... < 7 years,0.6666666666666667,female : divorced/separated/married,none,0.3333333333333333,"car or other, not in attribute 6",0.14285714285714285,none,own,0.3333333333333333,skilled employee / official,0.0,none,yes
no checking account,0.20588235294117646,existing credits paid back duly till now,car (new),0.08638714647298339,... < 100 DM,1 <= ... < 4 years,0.3333333333333333,male : married/widowed,none,0.3333333333333333,building society savings agreement/ life insurance,0.19642857142857145,none,own,0.0,management/ self-employed/ highly qualified employee/ officer,0.0,"yes, registered under the customers name",yes
0 <= ... < 200 DM,0.1176470588235294,existing credits paid back duly till now,furniture/equipment,0.040332342907450205,>= 1000 DM,< 1 year,0.0,female : divorced/separated/married,none,1.0,real estate,0.0,none,rent,0.0,unskilled - resident,0.0,none,yes
... < 0 DM,0.47058823529411764,existing credits paid back duly till now,car (new),0.16501595686145043,... < 100 DM,4 <= ... < 7 years,0.3333333333333333,male : single,none,1.0,unknown / no property,0.35714285714285715,bank,for free,0.0,management/ self-employed/ highly qualified employee/ officer,1.0,"yes, registered under the customers name",yes
... < 0 DM,0.029411764705882346,critical account/ other credits existing (not at this bank),radio/television,0.09392538791680423,... < 100 DM,4 <= ... < 7 years,0.0,female : divorced/separated/married,none,1.0,"car or other, not in attribute 6",0.21428571428571425,none,own,0.0,skilled employee / official,0.0,none,yes
no checking account,0.07352941176470588,critical account/ other credits existing (not at this bank),furniture/equipment,0.11863101133487398,... < 100 DM,unemployed,0.3333333333333333,male : single,none,0.6666666666666667,"car or other, not in attribute 6",0.21428571428571425,none,own,0.0,management/ self-employed/ highly qualified employee/ officer,0.0,none,yes
0 <= ... < 200 DM,0.5147058823529411,delay in paying off in the past,education,0.6333223286012986,100 <= ... < 500 DM,4 <= ... < 7 years,0.3333333333333333,male : single,none,0.6666666666666667,unknown / no property,0.23214285714285715,none,rent,0.0,skilled employee / official,0.0,"yes, registered under the customers name",yes
... < 0 DM,0.1176470588235294,existing credits paid back duly till now,furniture/equipment,0.12809508088478047,... < 100 DM,unemployed,0.6666666666666667,female : divorced/separated/married,none,1.0,unknown / no property,0.6428571428571428,none,for free,0.0,management/ self-employed/ highly qualified employee/ officer,0.0,none,yes
... < 0 DM,0.47058823529411764,critical account/ other credits existing (not at this bank),furniture/equipment,0.11543963904478925,... < 100 DM,1 <= ... < 4 years,0.6666666666666667,male : married/widowed,none,0.3333333333333333,building society savings agreement/ life insurance,0.48214285714285715,none,own,0.3333333333333333,skilled employee / official,0.0,"yes, registered under the customers name",yes
0 <= ... < 200 DM,0.1176470588235294,existing credits paid back duly till now,car (new),0.05353802134918015,... < 100 DM,>= 7 years,0.0,male : divorced/separated,none,0.0,real estate,0.48214285714285715,none,rent,0.3333333333333333,skilled employee / official,0.0,none,yes
no checking account,0.2941176470588235,critical account/ other credits existing (not at this bank),radio/television,0.06965995378012545,>= 1000 DM,1 <= ... < 4 years,1.0,female : divorced/separated/married,none,0.0,real estate,0.42857142857142855,none,own,0.3333333333333333,unskilled - resident,0.0,none,yes
no checking account,0.20588235294117646,existing credits paid back duly till now,radio/television,0.06729393639264884,... < 100 DM,< 1 year,0.6666666666666667,male : married/widowed,none,1.0,real estate,0.35714285714285715,none,own,0.0,skilled employee / official,0.0,"yes, registered under the customers name",yes
0 <= ... < 200 DM,0.20588235294117646,critical account/ other credits existing (not at this bank),business,0.090073731704633,unknown/ no savings account,1 <= ... < 4 years,1.0,male : married/widowed,none,1.0,real estate,0.16071428571428575,bank,own,0.3333333333333333,skilled employee / official,0.0,none,yes
no checking account,0.2941176470588235,delay in paying off in the past,business,0.4620886981402003,... < 100 DM,< 1 year,0.3333333333333333,male : single,none,0.3333333333333333,"car or other, not in attribute 6",0.14285714285714285,bank,own,0.3333333333333333,skilled employee / official,0.0,"yes, registered under the customers name",yes
no checking account,0.14705882352941174,delay in paying off in the past,car (new),0.030373060415978873,... < 100 DM,1 <= ... < 4 years,1.0,male : single,none,0.3333333333333333,"car or other, not in attribute 6",0.14285714285714285,none,own,0.3333333333333333,unskilled - resident,0.0,none,yes
0 <= ... < 200 DM,0.20588235294117646,delay in paying off in the past,car (new),0.14575767580059426,unknown/ no savings account,>= 7 years,1.0,male : single,none,1.0,"car or other, not in attribute 6",0.42857142857142855,none,own,0.0,skilled employee / official,1.0,none,yes
0 <= ... < 200 DM,0.2941176470588235,existing credits paid back duly till now,radio/television,0.09843732805106195,... < 100 DM,< 1 year,0.0,male : married/widowed,none,0.0,building society savings agreement/ life insurance,0.0535714285714286,none,own,0.0,skilled employee / official,0.0,"yes, registered under the customers name",yes
no checking account,0.2941176470588235,critical account/ other credits existing (not at this bank),car (used),0.10713106635853417,unknown/ no savings account,4 <= ... < 7 years,1.0,male : single,none,1.0,"car or other, not in attribute 6",0.42857142857142855,none,own,0.3333333333333333,skilled employee / official,1.0,"yes, registered under the customers name",yes
... < 0 DM,0.16176470588235292,existing credits paid back duly till now,radio/television,0.04418399911962144,... < 100 DM,< 1 year,1.0,male : married/widowed,none,0.3333333333333333,real estate,0.14285714285714285,none,own,0.0,skilled employee / official,0.0,none,no
no checking account,0.2941176470588235,existing credits paid back duly till now,radio/television,0.16424562561901618,500 <= ... < 1000 DM,>= 7 years,0.6666666666666667,male : divorced/separated,none,0.3333333333333333,"car or other, not in attribute 6",0.125,none,own,0.0,management/ self-employed/ highly qualified employee/ officer,0.0,"yes, registered under the customers name",yes
... >= 200 DM / salary assignments for at least 1 year,0.1176470588235294,critical account/ other credits existing (not at this bank),car (new),0.03791130185979971,500 <= ... < 1000 DM,4 <= ... < 7 years,1.0,male : married/widowed,none,0.3333333333333333,real estate,0.16071428571428575,none,own,0.6666666666666667,skilled employee / official,0.0,"yes, registered under the customers name",yes
0 <= ... < 200 DM,0.2941176470588235,existing credits paid back duly till now,radio/television,0.09447562451854297,... < 100 DM,>= 7 years,1.0,female : divorced/separated/married,none,1.0,"car or other, not in attribute 6",0.01785714285714285,none,own,0.0,skilled employee / official,0.0,"yes, registered under the customers name",yes
no checking account,0.4264705882352941,critical account/ other credits existing (not at this bank),car (used),0.385330692197645,... < 100 DM,4 <= ... < 7 years,0.6666666666666667,male : single,none,0.3333333333333333,"car or other, not in attribute 6",0.28571428571428575,none,own,0.3333333333333333,management/ self-employed/ highly qualified employee/ officer,0.0,"yes, registered under the customers name",yes
no checking account,0.1176470588235294,critical account/ other credits existing (not at this bank),business,0.11235831407505227,... < 100 DM,unemployed,1.0,male : single,none,0.3333333333333333,"car or other, not in attribute 6",0.41071428571428575,stores,own,0.3333333333333333,management/ self-employed/ highly qualified employee/ officer,0.0,"yes, registered under the customers name",yes
no checking account,0.08823529411764706,existing credits paid back duly till now,car (new),0.07411687025420931,500 <= ... < 1000 DM,1 <= ... < 4 years,0.6666666666666667,male : single,none,0.3333333333333333,unknown / no property,0.37499999999999994,none,rent,0.0,unskilled - resident,1.0,none,no
... < 0 DM,0.2941176470588235,existing credits paid back duly till now,car (new),0.062231759656652355,unknown/ no savings account,1 <= ... < 4 years,1.0,female : divorced/separated/married,none,0.3333333333333333,building society savings agreement/ life insurance,0.28571428571428575,none,own,0.0,skilled employee / official,0.0,none,yes
no checking account,0.47058823529411764,critical account/ other credits existing (not at this bank),car (used),0.3076923076923077,... < 100 DM,>= 7 years,0.3333333333333333,male : single,none,0.3333333333333333,building society savings agreement/ life insurance,0.28571428571428575,none,own,0.3333333333333333,skilled employee / official,1.0,"yes, registered under the customers name",yes
... < 0 DM,0.1176470588235294,existing credits paid back duly till now,car (new),0.12815010454495435,... < 100 DM,< 1 year,1.0,male : single,none,0.0,real estate,0.25000000000000006,none,own,0.0,unskilled - resident,1.0,none,yes
... < 0 DM,0.20588235294117646,delay in paying off in the past,education,0.45234951028942444,unknown/ no savings account,1 <= ... < 4 years,0.0,female : divorced/separated/married,none,0.3333333333333333,"car or other, not in attribute 6",0.07142857142857145,none,rent,0.3333333333333333,skilled employee / official,0.0,"yes, registered under the customers name",yes
no checking account,0.25,existing credits paid back duly till now,car (new),0.13931990756025092,500 <= ... < 1000 DM,4 <= ... < 7 years,0.0,female : divorced/separated/married,none,0.3333333333333333,"car or other, not in attribute 6",0.21428571428571425,bank,own,0.0,management/ self-employed/ highly qualified employee/ officer,0.0,none,yes
0 <= ... < 200 DM,0.20588235294117646,existing credits paid back duly till now,car (new),0.04357873885770881,unknown/ no savings account,1 <= ... < 4 years,1.0,female : divorced/separated/married,none,0.3333333333333333,building society savings agreement/ life insurance,0.25000000000000006,none,own,0.0,skilled employee / official,0.0,none,yes
no checking account,0.16176470588235292,existing credits paid back duly till now,car (new),0.16154946627049632,>= 1000 DM,4 <= ... < 7 years,0.3333333333333333,female : divorced/separated/married,none,0.6666666666666667,"car or other, not in attribute 6",0.01785714285714285,none,rent,0.0,skilled employee / official,0.0,none,yes
0 <= ... < 200 DM,0.1176470588235294,existing credits paid back duly till now,car (used),0.09783206778914934,unknown/ no savings account,1 <= ... < 4 years,1.0,male : single,none,0.3333333333333333,"car or other, not in attribute 6",0.19642857142857145,none,own,0.0,skilled employee / official,0.0,none,yes
0 <= ... < 200 DM,0.1176470588235294,critical account/ other credits existing (not at this bank),car (new),0.03895675140310334,... < 100 DM,4 <= ... < 7 years,0.3333333333333333,male : single,none,0.6666666666666667,real estate,0.49999999999999994,none,own,0.3333333333333333,unskilled - resident,1.0,none,yes
no checking account,0.25,delay in paying off in the past,furniture/equipment,0.07378672829316606,100 <= ... < 500 DM,4 <= ... < 7 years,1.0,male : single,none,0.6666666666666667,real estate,0.26785714285714285,none,own,0.3333333333333333,management/ self-employed/ highly qualified employee/ officer,0.0,none,yes
0 <= ... < 200 DM,0.1176470588235294,existing credits paid back duly till now,furniture/equipment,0.13821943435677342,unknown/ no savings account,>= 7 years,0.0,female : divorced/separated/married,none,0.3333333333333333,building society savings agreement/ life insurance,0.10714285714285715,bank,own,0.0,skilled employee / official,0.0,"yes, registered under the customers name",yes
0 <= ... < 200 DM,0.20588235294117646,existing credits paid back duly till now,car (used),0.1391548365797293,... < 100 DM,1 <= ... < 4 years,0.0,male : married/widowed,none,0.6666666666666667,"car or other, not in attribute 6",0.035714285714285754,none,rent,0.0,skilled employee / official,0.0,"yes, registered under the customers name",yes
no checking account,0.3529411764705882,critical account/ other credits existing (not at this bank),radio/television,0.1371739848134698,... < 100 DM,>= 7 years,1.0,male : single,none,0.3333333333333333,"car or other, not in attribute 6",0.17857142857142855,none,own,0.3333333333333333,skilled employee / official,0.0,none,yes
no checking account,0.20588235294117646,critical account/ other credits existing (not at this bank),radio/television,0.049466270496313414,>= 1000 DM,1 <= ... < 4 years,1.0,male : single,none,0.6666666666666667,real estate,0.48214285714285715,none,own,0.3333333333333333,skilled employee / official,0.0,none,yes
no checking account,0.07352941176470588,existing credits paid back duly till now,furniture/equipment,0.05849015076482887,... < 100 DM,>= 7 years,0.0,male : single,none,1.0,"car or other, not in attribute 6",0.01785714285714285,none,own,0.0,skilled employee / official,0.0,none,yes
... < 0 DM,0.20588235294117646,critical account/ other credits existing (not at this bank),repairs,0.05172224056344228,... < 100 DM,unemployed,0.3333333333333333,female : divorced/separated/married,none,1.0,unknown / no property,0.6428571428571428,none,for free,0.6666666666666667,unemployed/ unskilled - non-resident,1.0,none,yes
no checking account,0.01470588235294118,existing credits paid back duly till now,business,0.1759656652360515,... < 100 DM,4 <= ... < 7 years,0.0,male : single,none,1.0,real estate,0.9821428571428572,none,own,0.0,unskilled - resident,0.0,none,yes
0 <= ... < 200 DM,0.2941176470588235,existing credits paid back duly till now,others,0.6095521074061846,... < 100 DM,1 <= ... < 4 years,0.3333333333333333,male : single,co-applicant,0.6666666666666667,"car or other, not in attribute 6",0.17857142857142855,bank,own,0.3333333333333333,management/ self-employed/ highly qualified employee/ officer,0.0,"yes, registered under the customers name",yes
... < 0 DM,0.029411764705882346,critical account/ other credits existing (not at this bank),furniture/equipment,0.08924837680202487,... < 100 DM,unemployed,1.0,male : single,none,1.0,unknown / no property,0.30357142857142855,none,for free,0.6666666666666667,management/ self-employed/ highly qualified employee/ officer,0.0,"yes, registered under the customers name",yes
no checking account,0.2941176470588235,critical account/ other credits existing (not at this bank),repairs,0.09948277759436558,... < 100 DM,1 <= ... < 4 years,1.0,male : divorced/separated,none,0.3333333333333333,real estate,0.25000000000000006,none,own,0.3333333333333333,skilled employee / official,0.0,"yes, registered under the customers name",yes
... < 0 DM,0.07352941176470588,existing credits paid back duly till now,furniture/equipment,0.1037746230879278,... < 100 DM,1 <= ... < 4 years,0.6666666666666667,male : single,none,0.3333333333333333,real estate,0.10714285714285715,none,own,0.0,skilled employee / official,0.0,none,yes
0 <= ... < 200 DM,0.1176470588235294,existing credits paid back duly till now,radio/television,0.06789919665456146,unknown/ no savings account,1 <= ... < 4 years,0.3333333333333333,male : married/widowed,none,0.0,real estate,0.10714285714285715,none,own,0.0,skilled employee / official,0.0,"yes, registered under the customers name",yes
no checking account,0.029411764705882346,existing credits paid back duly till now,repairs,0.022559700671288655,500 <= ... < 1000 DM,4 <= ... < 7 years,0.3333333333333333,male : married/widowed,none,1.0,real estate,0.07142857142857145,none,rent,0.0,unskilled - resident,0.0,none,yes
no checking account,0.2941176470588235,critical account/ other credits existing (not at this bank),car (new),0.05705953560030813,>= 1000 DM,>= 7 years,1.0,female : divorced/separated/married,none,1.0,real estate,0.32142857142857145,none,own,0.3333333333333333,skilled employee / official,0.0,"yes, registered under the customers name",yes
... < 0 DM,0.5588235294117647,critical account/ other credits existing (not at this bank),repairs,0.17299438758666227,... < 100 DM,unemployed,1.0,male : single,co-applicant,1.0,"car or other, not in attribute 6",0.8214285714285714,none,own,0.3333333333333333,unemployed/ unskilled - non-resident,0.0,none,yes
... >= 200 DM / salary assignments for at least 1 year,0.1176470588235294,all credits at this bank paid back duly,business,0.019753494002421042,... < 100 DM,< 1 year,1.0,female : divorced/separated/married,none,0.0,real estate,0.125,none,own,0.0,unemployed/ unskilled - non-resident,0.0,none,yes
no checking account,0.1176470588235294,existing credits paid back duly till now,car (new),0.08990866072411137,... < 100 DM,>= 7 years,1.0,male : single,none,1.0,"car or other, not in attribute 6",0.35714285714285715,none,own,0.0,management/ self-employed/ highly qualified employee/ officer,0.0,"yes, registered under the customers name",yes
... < 0 DM,0.1176470588235294,existing credits paid back duly till now,furniture/equipment,0.07538241443820842,... < 100 DM,1 <= ... < 4 years,0.3333333333333333,female : divorced/separated/married,co-applicant,0.6666666666666667,building society savings agreement/ life insurance,0.19642857142857145,none,own,0.0,skilled employee / official,0.0,none,yes
0 <= ... < 200 DM,0.23529411764705882,delay in paying off in the past,others,0.13090128755364808,... < 100 DM,1 <= ... < 4 years,0.3333333333333333,male : single,none,0.6666666666666667,"car or other, not in attribute 6",0.17857142857142855,bank,own,0.3333333333333333,skilled employee / official,0.0,"yes, registered under the customers name",yes
no checking account,0.1176470588235294,existing credits paid back duly till now,education,0.02580609662154727,... < 100 DM,>= 7 years,1.0,male : single,none,1.0,"car or other, not in attribute 6",0.39285714285714285,bank,own,0.0,unskilled - resident,1.0,none,yes
0 <= ... < 200 DM,0.6470588235294117,critical account/ other credits existing (not at this bank),furniture/equipment,0.2666446572025971,... < 100 DM,1 <= ... < 4 years,0.3333333333333333,female : divorced/separated/married,none,0.6666666666666667,"car or other, not in attribute 6",0.19642857142857145,none,own,0.0,management/ self-employed/ highly qualified employee/ officer,0.0,"yes, registered under the customers name",yes
no checking account,0.07352941176470588,critical account/ other credits existing (not at this bank),education,0.05469351821283151,unknown/ no savings account,>= 7 years,1.0,female : divorced/separated/married,none,1.0,building society savings agreement/ life insurance,0.39285714285714285,none,rent,0.3333333333333333,unskilled - resident,0.0,none,yes
... < 0 DM,0.47058823529411764,existing credits paid back duly till now,car (new),0.08759766699680863,... < 100 DM,< 1 year,1.0,female : divorced/separated/married,none,1.0,"car or other, not in attribute 6",0.26785714285714285,none,own,0.0,skilled employee / official,0.0,"yes, registered under the customers name",yes
0 <= ... < 200 DM,0.044117647058823525,existing credits paid back duly till now,radio/television,0.12798503356443272,... < 100 DM,1 <= ... < 4 years,0.3333333333333333,male : single,guarantor,0.3333333333333333,real estate,0.28571428571428575,none,own,0.0,skilled employee / official,0.0,none,yes
... >= 200 DM / salary assignments for at least 1 year,0.1176470588235294,existing credits paid back duly till now,furniture/equipment,0.06459777704412897,unknown/ no savings account,>= 7 years,0.6666666666666667,female : divorced/separated/married,none,1.0,real estate,0.6428571428571428,none,own,0.0,management/ self-employed/ highly qualified employee/ officer,0.0,"yes, registered under the customers name",yes
0 <= ... < 200 DM,0.16176470588235292,delay in paying off in the past,repairs,0.06943985913942995,>= 1000 DM,1 <= ... < 4 years,0.6666666666666667,male : married/widowed,none,0.6666666666666667,building society savings agreement/ life insurance,0.75,stores,own,0.3333333333333333,skilled employee / official,0.0,none,yes
no checking account,0.47058823529411764,critical account/ other credits existing (not at this bank),car (used),0.594475624518543,unknown/ no savings account,1 <= ... < 4 years,1.0,male : single,none,0.3333333333333333,"car or other, not in attribute 6",0.19642857142857145,none,own,0.0,management/ self-employed/ highly qualified employee/ officer,0.0,"yes, registered under the customers name",yes
no checking account,0.029411764705882346,existing credits paid back duly till now,radio/television,0.014746340926598437,... < 100 DM,1 <= ... < 4 years,0.6666666666666667,female : divorced/separated/married,none,0.0,real estate,0.17857142857142855,none,own,0.0,skilled employee / official,0.0,none,yes
no checking account,0.1176470588235294,no credits taken/ all credits paid back duly,furniture/equipment,0.1380543633762518,... < 100 DM,>= 7 years,0.3333333333333333,male : single,none,1.0,building society savings agreement/ life insurance,0.26785714285714285,none,own,0.3333333333333333,skilled employee / official,0.0,none,yes
no checking account,0.2941176470588235,existing credits paid back duly till now,car (used),0.13315725762077696,... < 100 DM,>= 7 years,1.0,male : single,none,1.0,"car or other, not in attribute 6",0.28571428571428575,none,own,0.0,management/ self-employed/ highly qualified employee/ officer,0.0,"yes, registered under the customers name",yes
... < 0 DM,0.2941176470588235,existing credits paid back duly till now,car (new),0.2512930560140861,... < 100 DM,4 <= ... < 7 years,0.3333333333333333,male : single,co-applicant,0.6666666666666667,building society savings agreement/ life insurance,0.21428571428571425,none,own,0.0,skilled employee / official,0.0,"yes, registered under the customers name",yes
no checking account,0.2941176470588235,existing credits paid back duly till now,car (used),0.1336524705623418,... < 100 DM,< 1 year,1.0,female : divorced/separated/married,none,0.0,unknown / no property,0.17857142857142855,none,own,0.0,management/ self-employed/ highly qualified employee/ officer,0.0,"yes, registered under the customers name",yes
... < 0 DM,0.10294117647058824,critical account/ other credits existing (not at this bank),car (new),0.2011114779355123,... < 100 DM,1 <= ... < 4 years,0.3333333333333333,male : single,none,0.3333333333333333,real estate,0.30357142857142855,none,rent,0.3333333333333333,skilled employee / official,1.0,none,yes
... < 0 DM,0.1176470588235294,existing credits paid back duly till now,car (used),0.17255419830527127,... < 100 DM,>= 7 years,0.6666666666666667,male : single,none,1.0,unknown / no property,0.28571428571428575,none,for free,0.0,skilled employee / official,0.0,"yes, registered under the customers name",yes
... < 0 DM,0.029411764705882346,existing credits paid back duly till now,domestic appliances,0.005117200396170352,... < 100 DM,< 1 year,1.0,female : divorced/separated/married,none,0.0,real estate,0.14285714285714285,none,own,0.0,skilled employee / official,0.0,none,yes
no checking account,0.20588235294117646,existing credits paid back duly till now,radio/television,0.239022779795312,... < 100 DM,< 1 year,0.6666666666666667,male : single,none,0.3333333333333333,"car or other, not in attribute 6",0.23214285714285715,none,own,0.0,skilled employee / official,0.0,"yes, registered under the customers name",yes
... < 0 DM,0.47058823529411764,existing credits paid back duly till now,furniture/equipment,0.18542973478595798,... < 100 DM,1 <= ... < 4 years,0.0,male : single,guarantor,0.3333333333333333,building society savings agreement/ life insurance,0.32142857142857145,none,own,0.0,skilled employee / official,1.0,none,yes
... < 0 DM,0.16176470588235292,existing credits paid back duly till now,car (new),0.08093980411576977,... < 100 DM,< 1 year,0.3333333333333333,male : single,none,0.6666666666666667,real estate,0.30357142857142855,none,own,0.0,skilled employee / official,0.0,none,yes
0 <= ... < 200 DM,0.1176470588235294,existing credits paid back duly till now,furniture/equipment,0.1522504677011115,... < 100 DM,< 1 year,0.6666666666666667,female : divorced/separated/married,none,0.0,real estate,0.26785714285714285,none,rent,0.0,management/ self-employed/ highly qualified employee/ officer,0.0,none,yes
0 <= ... < 200 DM,0.1176470588235294,existing credits paid back duly till now,retraining,0.027731924727632886,unknown/ no savings account,>= 7 years,1.0,male : single,none,1.0,building society savings agreement/ life insurance,0.33928571428571425,none,own,0.3333333333333333,skilled employee / official,0.0,none,yes
no checking account,0.20588235294117646,existing credits paid back duly till now,business,0.0935402222955871,... < 100 DM,4 <= ... < 7 years,1.0,male : single,none,0.0,"car or other, not in attribute 6",0.26785714285714285,stores,own,0.3333333333333333,skilled employee / official,0.0,"yes, registered under the customers name",yes
... < 0 DM,0.2941176470588235,existing credits paid back duly till now,car (used),0.14713326730494114,... < 100 DM,1 <= ... < 4 years,0.6666666666666667,male : single,guarantor,1.0,unknown / no property,0.7857142857142858,bank,own,0.0,skilled employee / official,1.0,"yes, registered under the customers name",yes
... < 0 DM,0.2941176470588235,delay in paying off in the past,radio/television,0.07752833718498954,... < 100 DM,< 1 year,1.0,female : divorced/separated/married,none,0.3333333333333333,"car or other, not in attribute 6",0.17857142857142855,none,rent,0.0,unskilled - resident,0.0,"yes, registered under the customers name",yes
no checking account,0.6470588235294117,delay in paying off in the past,radio/television,0.3845053372950369,unknown/ no savings account,>= 7 years,0.6666666666666667,male : single,none,0.6666666666666667,"car or other, not in attribute 6",0.23214285714285715,bank,own,0.3333333333333333,skilled employee / official,1.0,none,yes
no checking account,0.4264705882352941,delay in paying off in the past,business,0.13832948167712117,... < 100 DM,1 <= ... < 4 years,0.3333333333333333,female : divorced/separated/married,none,0.3333333333333333,"car or other, not in attribute 6",0.125,none,own,0.3333333333333333,skilled employee / official,0.0,"yes, registered under the customers name",yes
no checking account,0.2941176470588235,delay in paying off in the past,car (used),0.24369979091009136,... < 100 DM,4 <= ... < 7 years,0.6666666666666667,male : single,none,0.6666666666666667,"car or other, not in attribute 6",0.28571428571428575,none,own,0.3333333333333333,unskilled - resident,0.0,"yes, registered under the customers name",yes
0 <= ... < 200 DM,0.2941176470588235,existing credits paid back duly till now,radio/television,0.15637724221415208,100 <= ... < 500 DM,< 1 year,0.6666666666666667,male : married/widowed,none,0.3333333333333333,"car or other, not in attribute 6",0.0535714285714286,none,rent,0.0,skilled employee / official,0.0,"yes, registered under the customers name",yes
... < 0 DM,0.029411764705882346,existing credits paid back duly till now,education,0.010894684714427203,... < 100 DM,< 1 year,1.0,female : divorced/separated/married,none,1.0,building society savings agreement/ life insurance,0.07142857142857145,none,own,0.0,skilled employee / official,0.0,none,yes
... < 0 DM,0.07352941176470588,existing credits paid back duly till now,car (new),0.022229558710245404,... < 100 DM,1 <= ... < 4 years,1.0,male : single,none,0.6666666666666667,"car or other, not in attribute 6",0.16071428571428575,none,own,0.0,unskilled - resident,0.0,none,yes
no checking account,0.029411764705882346,existing credits paid back duly till now,retraining,0.05436337625178826,unknown/ no savings account,unemployed,1.0,male : single,none,1.0,building society savings agreement/ life insurance,0.30357142857142855,none,own,0.0,management/ self-employed/ highly qualified employee/ officer,1.0,"yes, registered under the customers name",yes
0 <= ... < 200 DM,0.20588235294117646,critical account/ other credits existing (not at this bank),radio/television,0.05474854187300539,... < 100 DM,1 <= ... < 4 years,1.0,male : married/widowed,none,0.3333333333333333,"car or other, not in attribute 6",0.25000000000000006,none,own,0.0,skilled employee / official,0.0,none,yes
... < 0 DM,0.20588235294117646,no credits taken/ all credits paid back duly,furniture/equipment,0.15758776273797734,... < 100 DM,< 1 year,0.0,female : divorced/separated/married,none,1.0,building society savings agreement/ life insurance,0.125,none,rent,0.0,skilled employee / official,0.0,none,yes
no checking account,0.5147058823529411,existing credits paid back duly till now,car (used),0.1275998679432156,500 <= ... < 1000 DM,1 <= ... < 4 years,1.0,male : single,none,1.0,"car or other, not in attribute 6",0.0892857142857143,none,own,0.0,skilled employee / official,0.0,none,yes
... >= 200 DM / salary assignments for at least 1 year,0.2941176470588235,existing credits paid back duly till now,radio/television,0.2697259821723341,... < 100 DM,4 <= ... < 7 years,1.0,male : single,none,0.3333333333333333,"car or other, not in attribute 6",0.10714285714285715,bank,own,0.0,skilled employee / official,0.0,none,yes
0 <= ... < 200 DM,0.1176470588235294,existing credits paid back duly till now,business,0.04330362055683944,100 <= ... < 500 DM,4 <= ... < 7 years,0.6666666666666667,male : single,none,1.0,real estate,0.35714285714285715,none,own,0.0,unskilled - resident,0.0,none,yes
... < 0 DM,0.16176470588235292,critical account/ other credits existing (not at this bank),furniture/equipment,0.0675690546935182,... < 100 DM,>= 7 years,1.0,male : single,none,1.0,"car or other, not in attribute 6",0.44642857142857145,none,own,0.3333333333333333,skilled employee / official,1.0,"yes, registered under the customers name",yes
0 <= ... < 200 DM,0.1176470588235294,critical account/ other credits existing (not at this bank),radio/television,0.18284362275778587,... < 100 DM,1 <= ... < 4 years,0.0,female : divorced/separated/married,none,0.0,real estate,0.07142857142857145,none,own,0.0,unskilled - resident,0.0,none,yes
0 <= ... < 200 DM,0.2941176470588235,existing credits paid back duly till now,car (new),0.052327500825354895,... < 100 DM,< 1 year,1.0,male : single,none,0.0,building society savings agreement/ life insurance,0.125,none,own,0.0,skilled employee / official,0.0,none,yes
... < 0 DM,0.38235294117647056,existing credits paid back duly till now,furniture/equipment,0.18553978210630573,>= 1000 DM,>= 7 years,1.0,female : divorced/separated/married,none,1.0,building society savings agreement/ life insurance,0.6785714285714286,none,rent,0.3333333333333333,skilled employee / official,0.0,"yes, registered under the customers name",yes
no checking account,0.16176470588235292,delay in paying off in the past,furniture/equipment,0.03906679872345109,>= 1000 DM,4 <= ... < 7 years,0.6666666666666667,female : divorced/separated/married,none,0.3333333333333333,building society savings agreement/ life insurance,0.19642857142857145,none,own,0.3333333333333333,skilled employee / official,0.0,none,yes
no checking account,0.1176470588235294,critical account/ other credits existing (not at this bank),car (new),0.05023660173874765,500 <= ... < 1000 DM,1 <= ... < 4 years,1.0,male : single,none,1.0,real estate,0.44642857142857145,none,own,0.0,skilled employee / official,0.0,"yes, registered under the customers name",yes
0 <= ... < 200 DM,0.029411764705882346,delay in paying off in the past,car (new),0.052767690106745896,... < 100 DM,unemployed,1.0,male : single,none,1.0,building society savings agreement/ life insurance,0.49999999999999994,none,own,0.0,management/ self-employed/ highly qualified employee/ officer,0.0,"yes, registered under the customers name",yes
no checking account,0.1176470588235294,existing credits paid back duly till now,radio/television,0.15555188731154398,... < 100 DM,1 <= ... < 4 years,0.3333333333333333,male : single,none,1.0,"car or other, not in attribute 6",0.5892857142857142,none,own,0.0,skilled employee / official,0.0,"yes, registered under the customers name",yes
no checking account,0.2941176470588235,existing credits paid back duly till now,car (new),0.19296797622977882,... < 100 DM,>= 7 years,1.0,female : divorced/separated/married,co-applicant,1.0,unknown / no property,0.7678571428571428,none,for free,0.0,skilled employee / official,0.0,"yes, registered under the customers name",yes
no checking account,0.08823529411764706,existing credits paid back duly till now,car (new),0.06426763508308572,100 <= ... < 500 DM,1 <= ... < 4 years,0.6666666666666667,male : single,none,0.3333333333333333,real estate,0.28571428571428575,none,rent,0.0,unskilled - resident,0.0,none,no
no checking account,0.029411764705882346,existing credits paid back duly till now,car (new),0.17981732144822274,... < 100 DM,1 <= ... < 4 years,0.3333333333333333,male : single,guarantor,0.6666666666666667,building society savings agreement/ life insurance,0.125,none,rent,0.0,skilled employee / official,0.0,none,yes
no checking account,0.1176470588235294,critical account/ other credits existing (not at this bank),radio/television,0.0926598437328051,... < 100 DM,>= 7 years,0.3333333333333333,male : single,none,0.3333333333333333,unknown / no property,0.125,none,own,0.3333333333333333,skilled employee / official,0.0,none,yes
0 <= ... < 200 DM,0.338235294117647,no credits taken/ all credits paid back duly,business,0.4439308902828216,... < 100 DM,>= 7 years,0.3333333333333333,female : divorced/separated/married,none,1.0,unknown / no property,0.41071428571428575,none,for free,0.3333333333333333,management/ self-employed/ highly qualified employee/ officer,0.0,"yes, registered under the customers name",yes
no checking account,0.029411764705882346,critical account/ other credits existing (not at this bank),radio/television,0.05430835259161439,100 <= ... < 500 DM,1 <= ... < 4 years,0.0,female : divorced/separated/married,none,0.0,building society savings agreement/ life insurance,0.14285714285714285,none,own,0.3333333333333333,skilled employee / official,0.0,none,yes
0 <= ... < 200 DM,0.029411764705882346,existing credits paid back duly till now,radio/television,0.0064927919005172245,unknown/ no savings account,>= 7 years,1.0,male : single,none,1.0,building society savings agreement/ life insurance,0.33928571428571425,none,own,0.0,skilled employee / official,0.0,none,yes
... < 0 DM,0.1176470588235294,critical account/ other credits existing (not at this bank),car (new),0.10300429184549356,... < 100 DM,1 <= ... < 4 years,0.6666666666666667,male : single,none,0.3333333333333333,real estate,0.35714285714285715,none,rent,0.3333333333333333,unskilled - resident,1.0,none,no
... < 0 DM,0.2941176470588235,existing credits paid back duly till now,furniture/equipment,0.15109497083746012,unknown/ no savings account,1 <= ... < 4 years,0.3333333333333333,male : married/widowed,none,1.0,"car or other, not in attribute 6",0.01785714285714285,none,own,0.0,skilled employee / official,0.0,none,yes
0 <= ... < 200 DM,0.47058823529411764,existing credits paid back duly till now,furniture/equipment,0.48332783096731596,100 <= ... < 500 DM,< 1 year,1.0,male : single,co-applicant,0.0,unknown / no property,0.17857142857142855,none,rent,0.0,management/ self-employed/ highly qualified employee/ officer,0.0,"yes, registered under the customers name",yes
no checking account,0.2941176470588235,critical account/ other credits existing (not at this bank),furniture/equipment,0.0734565863321228,... < 100 DM,4 <= ... < 7 years,1.0,male : single,none,0.6666666666666667,building society savings agreement/ life insurance,0.37499999999999994,none,own,0.3333333333333333,skilled employee / official,0.0,none,yes
0 <= ... < 200 DM,0.20588235294117646,existing credits paid back duly till now,radio/television,0.05782986684274238,... < 100 DM,>= 7 years,1.0,male : married/widowed,guarantor,0.3333333333333333,real estate,0.23214285714285715,none,own,0.0,unskilled - resident,0.0,none,yes
... >= 200 DM / salary assignments for at least 1 year,0.029411764705882346,critical account/ other credits existing (not at this bank),car (new),0.05904038736656762,100 <= ... < 500 DM,>= 7 years,0.3333333333333333,male : divorced/separated,none,1.0,"car or other, not in attribute 6",0.16071428571428575,none,own,0.3333333333333333,skilled employee / official,1.0,"yes, registered under the customers name",yes
... < 0 DM,0.2941176470588235,existing credits paid back duly till now,car (new),0.15808297567954221,... < 100 DM,< 1 year,1.0,female : divorced/separated/married,none,0.0,building society savings agreement/ life insurance,0.14285714285714285,none,own,0.0,skilled employee / official,0.0,none,yes
... < 0 DM,0.47058823529411764,existing credits paid back duly till now,car (used),0.2884890502916254,... < 100 DM,>= 7 years,0.3333333333333333,male : single,none,1.0,unknown / no property,0.41071428571428575,none,for free,0.0,skilled employee / official,1.0,none,yes
... >= 200 DM / salary assignments for at least 1 year,0.07352941176470588,existing credits paid back duly till now,radio/television,0.0482007263123143,100 <= ... < 500 DM,>= 7 years,0.3333333333333333,male : divorced/separated,none,1.0,real estate,0.5357142857142858,none,own,0.0,skilled employee / official,0.0,none,yes
0 <= ... < 200 DM,0.2941176470588235,critical account/ other credits existing (not at this bank),radio/television,0.05315285572796302,100 <= ... < 500 DM,< 1 year,1.0,male : single,none,1.0,unknown / no property,0.33928571428571425,bank,own,0.3333333333333333,skilled employee / official,1.0,none,yes
... < 0 DM,0.2941176470588235,existing credits paid back duly till now,car (new),0.052657642786398146,... < 100 DM,< 1 year,1.0,female : divorced/separated/married,none,1.0,building society savings agreement/ life insurance,0.0892857142857143,none,rent,0.0,skilled employee / official,0.0,none,yes
no checking account,0.08823529411764706,existing credits paid back duly till now,car (new),0.05827005612413337,unknown/ no savings account,1 <= ... < 4 years,1.0,male : single,guarantor,1.0,building society savings agreement/ life insurance,0.14285714285714285,none,own,0.0,unskilled - resident,0.0,none,yes
... >= 200 DM / salary assignments for at least 1 year,0.16176470588235292,critical account/ other credits existing (not at this bank),car (used),0.11609992296687575,500 <= ... < 1000 DM,1 <= ... < 4 years,0.3333333333333333,male : single,none,0.3333333333333333,"car or other, not in attribute 6",0.30357142857142855,none,own,0.0,skilled employee / official,0.0,"yes, registered under the customers name",yes
0 <= ... < 200 DM,0.16176470588235292,all credits at this bank paid back duly,car (new),0.3631561571475735,100 <= ... < 500 DM,unemployed,0.0,male : single,none,0.3333333333333333,building society savings agreement/ life insurance,0.26785714285714285,none,own,0.0,management/ self-employed/ highly qualified employee/ officer,1.0,"yes, registered under the customers name",yes
no checking account,0.2941176470588235,existing credits paid back duly till now,radio/television,0.06399251678221635,... < 100 DM,1 <= ... < 4 years,1.0,male : married/widowed,none,0.3333333333333333,building society savings agreement/ life insurance,0.16071428571428575,none,own,0.0,skilled employee / official,0.0,none,yes
no checking account,0.5147058823529411,existing credits paid back duly till now,car (used),0.4587872785297678,100 <= ... < 500 DM,>= 7 years,1.0,male : single,none,0.3333333333333333,"car or other, not in attribute 6",0.46428571428571425,none,own,0.0,management/ self-employed/ highly qualified employee/ officer,0.0,"yes, registered under the customers name",yes
... < 0 DM,0.1176470588235294,existing credits paid back duly till now,car (new),0.028007043028502255,... < 100 DM,4 <= ... < 7 years,1.0,male : single,none,0.3333333333333333,real estate,0.125,none,own,0.0,skilled employee / official,0.0,none,yes
no checking account,0.47058823529411764,existing credits paid back duly till now,car (used),0.24408495653130846,... < 100 DM,1 <= ... < 4 years,0.3333333333333333,male : single,none,0.3333333333333333,unknown / no property,0.23214285714285715,none,for free,0.0,management/ self-employed/ highly qualified employee/ officer,0.0,"yes, registered under the customers name",yes
... >= 200 DM / salary assignments for at least 1 year,0.16176470588235292,existing credits paid back duly till now,business,0.1340926598437328,... < 100 DM,4 <= ... < 7 years,0.3333333333333333,male : single,none,1.0,building society savings agreement/ life insurance,0.125,none,rent,0.0,skilled employee / official,0.0,"yes, registered under the customers name",yes
0 <= ... < 200 DM,0.1176470588235294,delay in paying off in the past,radio/television,0.018432926158248045,... < 100 DM,1 <= ... < 4 years,1.0,male : married/widowed,co-applicant,1.0,real estate,0.01785714285714285,none,rent,0.3333333333333333,skilled employee / official,0.0,none,yes
no checking account,0.2941176470588235,existing credits paid back duly till now,car (new),0.1103224386486189,unknown/ no savings account,< 1 year,1.0,male : single,none,0.0,building society savings agreement/ life insurance,0.625,none,own,0.0,skilled employee / official,0.0,none,yes
... < 0 DM,0.029411764705882346,critical account/ other credits existing (not at this bank),car (new),0.019753494002421042,... < 100 DM,4 <= ... < 7 years,1.0,female : divorced/separated/married,none,0.6666666666666667,building society savings agreement/ life insurance,0.32142857142857145,none,own,0.3333333333333333,skilled employee / official,0.0,none,no
... < 0 DM,0.029411764705882346,critical account/ other credits existing (not at this bank),car (new),0.061131286453174866,... < 100 DM,< 1 year,0.3333333333333333,male : single,none,1.0,real estate,0.37499999999999994,none,own,0.0,unskilled - resident,1.0,none,no
no checking account,0.47058823529411764,critical account/ other credits existing (not at this bank),furniture/equipment,0.37839771101573677,... < 100 DM,< 1 year,0.3333333333333333,female : divorced/separated/married,none,1.0,building society savings agreement/ life insurance,0.07142857142857145,none,rent,0.3333333333333333,skilled employee / official,0.0,"yes, registered under the customers name",yes
... < 0 DM,0.029411764705882346,existing credits paid back duly till now,car (new),0.052437548145702645,100 <= ... < 500 DM,>= 7 years,0.6666666666666667,male : single,none,0.3333333333333333,building society savings agreement/ life insurance,0.42857142857142855,none,own,0.0,skilled employee / official,0.0,"yes, registered under the customers name",yes
no checking account,0.029411764705882346,critical account/ other credits existing (not at this bank),radio/television,0.024760647078243648,unknown/ no savings account,>= 7 years,1.0,male : single,none,1.0,unknown / no property,0.30357142857142855,none,for free,0.3333333333333333,skilled employee / official,0.0,none,yes
no checking account,0.2941176470588235,critical account/ other credits existing (not at this bank),repairs,0.28925938153405967,... < 100 DM,>= 7 years,0.6666666666666667,male : single,none,1.0,unknown / no property,0.44642857142857145,none,for free,0.3333333333333333,skilled employee / official,0.0,none,yes
... < 0 DM,0.20588235294117646,existing credits paid back duly till now,radio/television,0.16176956091119182,... < 100 DM,1 <= ... < 4 years,0.3333333333333333,female : divorced/separated/married,none,0.3333333333333333,real estate,0.0892857142857143,none,own,0.0,skilled employee / official,0.0,none,yes
... < 0 DM,0.6470588235294117,no credits taken/ all credits paid back duly,furniture/equipment,0.37795752173434577,... < 100 DM,1 <= ... < 4 years,0.6666666666666667,male : single,none,1.0,unknown / no property,0.6071428571428572,none,for free,0.3333333333333333,skilled employee / official,1.0,none,yes
no checking account,0.2941176470588235,existing credits paid back duly till now,car (used),0.1781666116430065,100 <= ... < 500 DM,4 <= ... < 7 years,0.6666666666666667,female : divorced/separated/married,none,1.0,"car or other, not in attribute 6",0.07142857142857145,none,own,0.0,skilled employee / official,0.0,none,yes
0 <= ... < 200 DM,0.20588235294117646,existing credits paid back duly till now,radio/television,0.04748541873005392,... < 100 DM,1 <= ... < 4 years,1.0,female : divorced/separated/married,guarantor,1.0,real estate,0.125,none,own,0.0,unskilled - resident,1.0,none,yes
0 <= ... < 200 DM,0.32352941176470584,existing credits paid back duly till now,car (used),0.42456256190161773,... < 100 DM,< 1 year,0.3333333333333333,male : single,none,0.6666666666666667,"car or other, not in attribute 6",0.19642857142857145,none,own,0.3333333333333333,skilled employee / official,0.0,none,yes
no checking account,0.16176470588235292,critical account/ other credits existing (not at this bank),education,0.07054033234290745,100 <= ... < 500 DM,1 <= ... < 4 years,1.0,female : divorced/separated/married,none,0.6666666666666667,"car or other, not in attribute 6",0.21428571428571425,none,own,0.0,skilled employee / official,0.0,none,yes
no checking account,0.0,critical account/ other credits existing (not at this bank),radio/television,0.06894464619786508,... < 100 DM,4 <= ... < 7 years,0.3333333333333333,male : single,none,0.0,real estate,0.41071428571428575,none,own,0.3333333333333333,unskilled - resident,1.0,none,yes
... < 0 DM,0.47058823529411764,existing credits paid back duly till now,radio/television,0.11290855067679102,... < 100 DM,1 <= ... < 4 years,1.0,male : divorced/separated,none,1.0,"car or other, not in attribute 6",0.21428571428571425,none,rent,0.0,skilled employee / official,0.0,none,yes
... < 0 DM,0.029411764705882346,existing credits paid back duly till now,car (new),0.022669747991636405,... < 100 DM,< 1 year,0.6666666666666667,male : single,none,1.0,real estate,0.39285714285714285,none,own,0.0,unskilled - resident,1.0,"yes, registered under the customers name",yes
0 <= ... < 200 DM,0.47058823529411764,existing credits paid back duly till now,education,0.11131286453174864,... < 100 DM,4 <= ... < 7 years,0.6666666666666667,male : single,none,0.0,"car or other, not in attribute 6",0.23214285714285715,none,own,0.3333333333333333,skilled employee / official,1.0,none,yes
0 <= ... < 200 DM,0.16176470588235292,existing credits paid back duly till now,car (new),0.13101133487399583,100 <= ... < 500 DM,1 <= ... < 4 years,0.3333333333333333,female : divorced/separated/married,none,1.0,"car or other, not in attribute 6",0.16071428571428575,none,rent,0.3333333333333333,skilled employee / official,0.0,"yes, registered under the customers name",yes
no checking account,0.1176470588235294,delay in paying off in the past,car (used),0.06894464619786508,... < 100 DM,1 <= ... < 4 years,1.0,male : married/widowed,none,1.0,real estate,0.39285714285714285,none,rent,0.0,skilled employee / official,0.0,none,yes
no checking account,0.2941176470588235,existing credits paid back duly till now,radio/television,0.05838010344448112,100 <= ... < 500 DM,4 <= ... < 7 years,1.0,male : married/widowed,none,0.6666666666666667,building society savings agreement/ life insurance,0.125,none,own,0.0,skilled employee / official,0.0,"yes, registered under the customers name",yes
no checking account,0.2941176470588235,existing credits paid back duly till now,radio/television,0.15709254979641246,unknown/ no savings account,< 1 year,1.0,male : single,none,0.3333333333333333,"car or other, not in attribute 6",0.10714285714285715,none,own,0.3333333333333333,skilled employee / official,0.0,none,yes
... >= 200 DM / salary assignments for at least 1 year,0.25,critical account/ other credits existing (not at this bank),education,0.1138439528997469,... < 100 DM,< 1 year,0.3333333333333333,male : divorced/separated,none,0.0,"car or other, not in attribute 6",0.25000000000000006,none,rent,0.0,skilled employee / official,0.0,none,yes
... < 0 DM,0.029411764705882346,existing credits paid back duly till now,car (new),0.06184659403543523,unknown/ no savings account,unemployed,1.0,female : divorced/separated/married,none,0.6666666666666667,building society savings agreement/ life insurance,1.0,none,own,0.0,management/ self-employed/ highly qualified employee/ officer,0.0,"yes, registered under the customers name",yes
0 <= ... < 200 DM,0.20588235294117646,critical account/ other credits existing (not at this bank),furniture/equipment,0.18498954550456698,... < 100 DM,>= 7 years,0.6666666666666667,female : divorced/separated/married,none,1.0,building society savings agreement/ life insurance,0.32142857142857145,none,own,0.0,skilled employee / official,0.0,"yes, registered under the customers name",yes
... < 0 DM,0.6470588235294117,existing credits paid back duly till now,car (new),0.41339275888632115,... < 100 DM,>= 7 years,1.0,male : single,none,1.0,unknown / no property,0.41071428571428575,bank,for free,0.0,management/ self-employed/ highly qualified employee/ officer,0.0,none,yes
... >= 200 DM / salary assignments for at least 1 year,0.20588235294117646,existing credits paid back duly till now,furniture/equipment,0.15401122482667548,... < 100 DM,< 1 year,0.0,female : divorced/separated/married,none,0.0,building society savings agreement/ life insurance,0.46428571428571425,stores,own,0.0,unskilled - resident,0.0,none,yes
0 <= ... < 200 DM,0.1176470588235294,existing credits paid back duly till now,radio/television,0.0706503796632552,... < 100 DM,< 1 year,0.0,male : married/widowed,none,0.0,real estate,0.07142857142857145,none,rent,0.0,skilled employee / official,0.0,none,yes
no checking account,0.2941176470588235,delay in paying off in the past,car (new),0.09805216242984482,... < 100 DM,>= 7 years,1.0,male : single,none,1.0,unknown / no property,0.7321428571428572,none,for free,0.3333333333333333,skilled employee / official,0.0,"yes, registered under the customers name",yes
... < 0 DM,0.38235294117647056,existing credits paid back duly till now,furniture/equipment,0.33564432706063607,unknown/ no savings account,>= 7 years,1.0,male : single,none,1.0,building society savings agreement/ life insurance,0.21428571428571425,none,own,0.0,skilled employee / official,0.0,none,yes
... >= 200 DM / salary assignments for at least 1 year,0.20588235294117646,existing credits paid back duly till now,furniture/equipment,0.14383184769450866,... < 100 DM,1 <= ... < 4 years,0.3333333333333333,male : single,none,0.0,real estate,0.26785714285714285,none,own,0.0,unskilled - resident,1.0,none,yes
no checking account,0.1176470588235294,critical account/ other credits existing (not at this bank),car (new),0.05529877847474414,... < 100 DM,>= 7 years,1.0,male : single,none,1.0,real estate,0.75,none,own,0.3333333333333333,unskilled - resident,0.0,none,yes
... < 0 DM,0.2941176470588235,delay in paying off in the past,car (new),0.059590623968306375,... < 100 DM,unemployed,1.0,male : single,none,0.3333333333333333,real estate,0.42857142857142855,none,for free,0.3333333333333333,skilled employee / official,1.0,none,yes
no checking account,0.2941176470588235,critical account/ other credits existing (not at this bank),car (new),0.09750192582810609,... < 100 DM,1 <= ... < 4 years,1.0,female : divorced/separated/married,none,1.0,"car or other, not in attribute 6",0.32142857142857145,none,own,0.0,skilled employee / official,0.0,"yes, registered under the customers name",yes
no checking account,0.2941176470588235,existing credits paid back duly till now,radio/television,0.07164080554638494,... < 100 DM,4 <= ... < 7 years,0.6666666666666667,male : single,none,0.0,"car or other, not in attribute 6",0.23214285714285715,bank,own,0.0,skilled employee / official,1.0,none,yes
... < 0 DM,0.1176470588235294,all credits at this bank paid back duly,radio/television,0.020688896225376913,... < 100 DM,1 <= ... < 4 years,1.0,female : divorced/separated/married,none,1.0,real estate,0.0892857142857143,bank,own,0.0,unskilled - resident,0.0,none,yes
no checking account,0.6470588235294117,critical account/ other credits existing (not at this bank),car (used),0.473643666776714,unknown/ no savings account,4 <= ... < 7 years,0.3333333333333333,male : single,none,0.0,unknown / no property,0.28571428571428575,none,for free,0.3333333333333333,skilled employee / official,0.0,"yes, registered under the customers name",yes
no checking account,0.1176470588235294,critical account/ other credits existing (not at this bank),repairs,0.04104765048971058,unknown/ no savings account,4 <= ... < 7 years,1.0,female : divorced/separated/married,none,1.0,real estate,0.07142857142857145,none,own,0.3333333333333333,skilled employee / official,0.0,none,yes
no checking account,0.029411764705882346,all credits at this bank paid back duly,radio/television,0.08253549026081215,500 <= ... < 1000 DM,>= 7 years,0.3333333333333333,male : single,none,1.0,building society savings agreement/ life insurance,0.46428571428571425,bank,own,0.0,unskilled - resident,1.0,none,yes
... < 0 DM,0.6470588235294117,existing credits paid back duly till now,radio/television,0.3713546825134808,... < 100 DM,4 <= ... < 7 years,0.0,male : married/widowed,guarantor,0.0,real estate,0.26785714285714285,none,own,0.3333333333333333,skilled employee / official,0.0,"yes, registered under the customers name",yes
0 <= ... < 200 DM,0.1176470588235294,critical account/ other credits existing (not at this bank),car (new),0.09601628700341147,100 <= ... < 500 DM,< 1 year,1.0,male : single,none,0.0,"car or other, not in attribute 6",0.14285714285714285,none,own,0.0,skilled employee / official,0.0,none,yes
0 <= ... < 200 DM,0.07352941176470588,existing credits paid back duly till now,education,0.052217453505007144,... < 100 DM,4 <= ... < 7 years,1.0,female : divorced/separated/married,none,1.0,building society savings agreement/ life insurance,0.8571428571428572,none,own,0.3333333333333333,management/ self-employed/ highly qualified employee/ officer,0.0,"yes, registered under the customers name",yes
0 <= ... < 200 DM,0.1176470588235294,existing credits paid back duly till now,radio/television,0.059480576647958625,... < 100 DM,< 1 year,0.3333333333333333,male : single,none,0.0,"car or other, not in attribute 6",0.0535714285714286,stores,own,0.0,skilled employee / official,0.0,none,yes
0 <= ... < 200 DM,0.20588235294117646,no credits taken/ all credits paid back duly,car (new),0.11158798283261802,100 <= ... < 500 DM,< 1 year,0.6666666666666667,female : divorced/separated/married,none,0.6666666666666667,"car or other, not in attribute 6",0.16071428571428575,none,own,0.3333333333333333,skilled employee / official,0.0,none,yes
no checking account,0.25,no credits taken/ all credits paid back duly,car (new),0.26152745680642675,unknown/ no savings account,1 <= ... < 4 years,0.0,female : divorced/separated/married,none,1.0,building society savings agreement/ life insurance,0.17857142857142855,bank,own,0.3333333333333333,skilled employee / official,0.0,"yes, registered under the customers name",yes
... < 0 DM,0.2941176470588235,all credits at this bank paid back duly,furniture/equipment,0.1816881258941345,... < 100 DM,4 <= ... < 7 years,0.6666666666666667,male : single,none,1.0,"car or other, not in attribute 6",0.14285714285714285,bank,own,0.0,skilled employee / official,0.0,none,yes
0 <= ... < 200 DM,0.20588235294117646,critical account/ other credits existing (not at this bank),furniture/equipment,0.09232970177176185,... < 100 DM,< 1 year,0.3333333333333333,male : single,none,0.3333333333333333,real estate,0.21428571428571425,none,own,0.3333333333333333,unskilled - resident,0.0,none,yes
... < 0 DM,0.2941176470588235,existing credits paid back duly till now,car (used),0.14933421371189612,unknown/ no savings account,>= 7 years,1.0,male : single,none,1.0,unknown / no property,0.5357142857142858,bank,for free,0.0,skilled employee / official,1.0,"yes, registered under the customers name",yes
... < 0 DM,0.2941176470588235,all credits at this bank paid back duly,radio/television,0.07131066358534169,... < 100 DM,4 <= ... < 7 years,1.0,male : single,guarantor,1.0,"car or other, not in attribute 6",0.0892857142857143,bank,rent,0.0,unskilled - resident,0.0,none,yes
... >= 200 DM / salary assignments for at least 1 year,0.029411764705882346,delay in paying off in the past,radio/television,0.023825244855287777,... < 100 DM,< 1 year,0.3333333333333333,female : divorced/separated/married,none,0.0,building society savings agreement/ life insurance,0.17857142857142855,bank,own,0.0,skilled employee / official,0.0,none,yes
0 <= ... < 200 DM,0.47058823529411764,existing credits paid back duly till now,car (new),0.6679322108506658,unknown/ no savings account,1 <= ... < 4 years,0.0,male : single,none,1.0,unknown / no property,0.32142857142857145,none,for free,0.0,skilled employee / official,0.0,"yes, registered under the customers name",yes
0 <= ... < 200 DM,0.2941176470588235,delay in paying off in the past,business,0.24551557169582922,unknown/ no savings account,1 <= ... < 4 years,1.0,male : single,none,0.3333333333333333,building society savings agreement/ life insurance,0.32142857142857145,bank,own,0.3333333333333333,management/ self-employed/ highly qualified employee/ officer,0.0,"yes, registered under the customers name",yes
0 <= ... < 200 DM,0.2941176470588235,delay in paying off in the past,radio/television,0.07169582920655881,100 <= ... < 500 DM,4 <= ... < 7 years,0.6666666666666667,female : divorced/separated/married,none,0.3333333333333333,building society savings agreement/ life insurance,0.07142857142857145,none,rent,0.3333333333333333,skilled employee / official,0.0,"yes, registered under the customers name",yes
... < 0 DM,0.1176470588235294,existing credits paid back duly till now,car (new),0.06173654671508748,... < 100 DM,4 <= ... < 7 years,0.3333333333333333,male : divorced/separated,none,0.6666666666666667,"car or other, not in attribute 6",0.30357142857142855,none,own,0.0,skilled employee / official,0.0,none,yes
no checking account,0.2941176470588235,critical account/ other credits existing (not at this bank),radio/television,0.12809508088478047,>= 1000 DM,>= 7 years,0.3333333333333333,male : single,none,0.3333333333333333,"car or other, not in attribute 6",0.26785714285714285,none,own,0.0,skilled employee / official,0.0,none,yes
0 <= ... < 200 DM,0.6470588235294117,existing credits paid back duly till now,radio/television,0.20518322878837902,unknown/ no savings account,4 <= ... < 7 years,1.0,male : single,none,0.0,"car or other, not in attribute 6",0.39285714285714285,none,own,0.3333333333333333,skilled employee / official,1.0,"yes, registered under the customers name",yes
... < 0 DM,0.6470588235294117,existing credits paid back duly till now,radio/television,0.358093980411577,... < 100 DM,1 <= ... < 4 years,0.6666666666666667,female : divorced/separated/married,none,0.3333333333333333,"car or other, not in attribute 6",0.21428571428571425,none,own,0.0,skilled employee / official,0.0,"yes, registered under the customers name",yes
... < 0 DM,0.2941176470588235,existing credits paid back duly till now,furniture/equipment,0.1641906019588423,... < 100 DM,< 1 year,1.0,female : divorced/separated/married,none,1.0,real estate,0.07142857142857145,none,rent,0.0,unskilled - resident,0.0,"yes, registered under the customers name",yes
no checking account,0.38235294117647056,critical account/ other credits existing (not at this bank),radio/television,0.3138549576317817,... < 100 DM,4 <= ... < 7 years,0.6666666666666667,male : single,co-applicant,0.3333333333333333,"car or other, not in attribute 6",0.33928571428571425,none,own,0.0,skilled employee / official,0.0,none,yes
no checking account,0.2941176470588235,existing credits paid back duly till now,car (used),0.2851876306811929,unknown/ no savings account,unemployed,0.3333333333333333,female : divorced/separated/married,none,1.0,building society savings agreement/ life insurance,0.125,none,rent,0.0,management/ self-employed/ highly qualified employee/ officer,0.0,"yes, registered under the customers name",yes
... < 0 DM,0.16176470588235292,existing credits paid back duly till now,business,0.030593155056674374,... < 100 DM,1 <= ... < 4 years,1.0,female : divorced/separated/married,none,1.0,building society savings agreement/ life insurance,0.0535714285714286,none,own,0.0,unskilled - resident,0.0,none,yes
0 <= ... < 200 DM,0.07352941176470588,existing credits paid back duly till now,radio/television,0.045779685264663805,... < 100 DM,>= 7 years,1.0,male : single,none,1.0,"car or other, not in attribute 6",0.14285714285714285,none,own,0.3333333333333333,unskilled - resident,0.0,none,yes
no checking account,0.16176470588235292,critical account/ other credits existing (not at this bank),furniture/equipment,0.13965004952129417,... < 100 DM,4 <= ... < 7 years,0.3333333333333333,female : divorced/separated/married,co-applicant,0.6666666666666667,"car or other, not in attribute 6",0.0892857142857143,bank,own,0.3333333333333333,skilled employee / official,0.0,none,yes
0 <= ... < 200 DM,0.1176470588235294,existing credits paid back duly till now,radio/television,0.1474634092659844,... < 100 DM,4 <= ... < 7 years,0.3333333333333333,female : divorced/separated/married,none,0.0,real estate,0.14285714285714285,none,own,0.0,skilled employee / official,0.0,none,yes
no checking account,0.2941176470588235,critical account/ other credits existing (not at this bank),education,0.09227467811158797,unknown/ no savings account,1 <= ... < 4 years,0.6666666666666667,female : divorced/separated/married,none,0.3333333333333333,"car or other, not in attribute 6",0.25000000000000006,none,own,0.3333333333333333,skilled employee / official,0.0,"yes, registered under the customers name",yes
0 <= ... < 200 DM,0.47058823529411764,critical account/ other credits existing (not at this bank),car (new),0.14141080664685815,... < 100 DM,< 1 year,1.0,male : divorced/separated,none,1.0,"car or other, not in attribute 6",0.14285714285714285,none,own,0.3333333333333333,skilled employee / official,0.0,none,yes
no checking account,0.2941176470588235,existing credits paid back duly till now,retraining,0.03780125453945196,... < 100 DM,< 1 year,1.0,male : married/widowed,none,0.6666666666666667,"car or other, not in attribute 6",0.14285714285714285,none,own,0.3333333333333333,unskilled - resident,0.0,none,yes
0 <= ... < 200 DM,0.20588235294117646,critical account/ other credits existing (not at this bank),car (new),0.044349070100143065,... < 100 DM,>= 7 years,0.6666666666666667,male : single,guarantor,0.6666666666666667,real estate,0.19642857142857145,bank,own,0.3333333333333333,skilled employee / official,0.0,none,yes
0 <= ... < 200 DM,0.1176470588235294,critical account/ other credits existing (not at this bank),car (new),0.1581379993397161,... < 100 DM,< 1 year,0.0,male : single,none,0.6666666666666667,real estate,0.5357142857142858,bank,own,0.3333333333333333,unskilled - resident,1.0,none,yes
no checking account,0.07352941176470588,existing credits paid back duly till now,furniture/equipment,0.06261692527786948,... < 100 DM,1 <= ... < 4 years,1.0,female : divorced/separated/married,none,0.3333333333333333,real estate,0.125,none,rent,0.0,skilled employee / official,0.0,none,yes
0 <= ... < 200 DM,0.47058823529411764,existing credits paid back duly till now,repairs,0.11742049081104876,... < 100 DM,< 1 year,1.0,male : single,none,0.0,unknown / no property,0.25000000000000006,none,rent,0.0,unskilled - resident,0.0,none,yes
no checking account,0.1176470588235294,existing credits paid back duly till now,car (new),0.10360955210740619,unknown/ no savings account,>= 7 years,1.0,female : divorced/separated/married,none,1.0,unknown / no property,0.5892857142857142,none,for free,0.0,management/ self-employed/ highly qualified employee/ officer,0.0,"yes, registered under the customers name",yes
... < 0 DM,0.20588235294117646,existing credits paid back duly till now,furniture/equipment,0.09843732805106195,... < 100 DM,1 <= ... < 4 years,0.0,female : divorced/separated/married,none,1.0,real estate,0.01785714285714285,bank,rent,0.0,skilled employee / official,0.0,none,yes
... < 0 DM,0.07352941176470588,critical account/ other credits existing (not at this bank),car (new),0.1402553097832068,... < 100 DM,1 <= ... < 4 years,0.3333333333333333,male : single,none,0.3333333333333333,real estate,0.30357142857142855,none,rent,0.3333333333333333,skilled employee / official,1.0,none,yes
... < 0 DM,0.1176470588235294,existing credits paid back duly till now,furniture/equipment,0.05716958292065588,... < 100 DM,1 <= ... < 4 years,1.0,male : single,guarantor,0.0,building society savings agreement/ life insurance,0.035714285714285754,none,own,0.0,unskilled - resident,0.0,none,yes
... < 0 DM,0.20588235294117646,existing credits paid back duly till now,domestic appliances,0.0532078793881369,... < 100 DM,1 <= ... < 4 years,1.0,male : married/widowed,none,0.6666666666666667,real estate,0.49999999999999994,none,own,0.0,unskilled - resident,0.0,"yes, registered under the customers name",yes
... < 0 DM,0.1176470588235294,critical account/ other credits existing (not at this bank),furniture/equipment,0.10982722570705403,... < 100 DM,>= 7 years,0.6666666666666667,male : single,none,0.6666666666666667,building society savings agreement/ life insurance,0.7321428571428572,none,own,0.3333333333333333,skilled employee / official,0.0,none,yes
... < 0 DM,0.1176470588235294,critical account/ other credits existing (not at this bank),radio/television,0.007428194123473095,... < 100 DM,4 <= ... < 7 years,1.0,female : divorced/separated/married,none,0.6666666666666667,real estate,0.6964285714285714,none,own,1.0,unskilled - resident,0.0,"yes, registered under the customers name",yes
0 <= ... < 200 DM,0.2941176470588235,delay in paying off in the past,car (new),0.09436557719819522,unknown/ no savings account,1 <= ... < 4 years,1.0,female : divorced/separated/married,none,1.0,"car or other, not in attribute 6",0.41071428571428575,none,rent,0.3333333333333333,skilled employee / official,0.0,"yes, registered under the customers name",yes
no checking account,0.25,existing credits paid back duly till now,business,0.07274127874986244,>= 1000 DM,>= 7 years,1.0,female : divorced/separated/married,none,1.0,real estate,0.30357142857142855,bank,own,0.0,unskilled - resident,0.0,none,yes
0 <= ... < 200 DM,0.2941176470588235,existing credits paid back duly till now,car (new),0.13579839330912294,... < 100 DM,1 <= ... < 4 years,0.6666666666666667,female : divorced/separated/married,none,1.0,building society savings agreement/ life insurance,0.01785714285714285,none,rent,0.0,unskilled - resident,0.0,"yes, registered under the customers name",yes
... < 0 DM,0.2941176470588235,all credits at this bank paid back duly,others,0.06096621547265324,unknown/ no savings account,>= 7 years,1.0,male : single,none,0.6666666666666667,"car or other, not in attribute 6",0.37499999999999994,stores,own,0.0,management/ self-employed/ highly qualified employee/ officer,0.0,"yes, registered under the customers name",yes
0 <= ... < 200 DM,0.029411764705882346,all credits at this bank paid back duly,car (new),0.03747111257840871,100 <= ... < 500 DM,< 1 year,0.0,female : divorced/separated/married,none,0.0,building society savings agreement/ life insurance,0.23214285714285715,stores,own,0.0,unskilled - resident,0.0,none,yes
... < 0 DM,0.2941176470588235,existing credits paid back duly till now,car (new),0.06558820292725871,... < 100 DM,4 <= ... < 7 years,1.0,female : divorced/separated/married,none,1.0,"car or other, not in attribute 6",0.07142857142857145,none,rent,0.3333333333333333,skilled employee / official,0.0,none,yes
0 <= ... < 200 DM,0.2941176470588235,no credits taken/ all credits paid back duly,business,0.2195994277539342,... < 100 DM,1 <= ... < 4 years,0.0,male : single,none,1.0,real estate,0.30357142857142855,none,own,0.6666666666666667,unskilled - resident,0.0,"yes, registered under the customers name",yes
no checking account,0.20588235294117646,critical account/ other credits existing (not at this bank),car (new),0.1389347419390338,... < 100 DM,4 <= ... < 7 years,0.3333333333333333,male : single,none,0.3333333333333333,building society savings agreement/ life insurance,0.21428571428571425,bank,own,0.3333333333333333,skilled employee / official,0.0,none,yes
no checking account,0.2941176470588235,delay in paying off in the past,business,0.19880048420820953,... < 100 DM,1 <= ... < 4 years,0.0,male : single,none,0.3333333333333333,unknown / no property,0.23214285714285715,none,for free,0.0,skilled employee / official,0.0,none,yes
0 <= ... < 200 DM,0.044117647058823525,existing credits paid back duly till now,radio/television,0.11439418950148562,... < 100 DM,< 1 year,0.0,female : divorced/separated/married,guarantor,0.0,real estate,0.46428571428571425,none,own,0.0,skilled employee / official,0.0,none,yes
0 <= ... < 200 DM,0.07352941176470588,existing credits paid back duly till now,furniture/equipment,0.03675580499614835,... < 100 DM,1 <= ... < 4 years,1.0,female : divorced/separated/married,none,0.0,building society savings agreement/ life insurance,0.19642857142857145,none,own,0.0,skilled employee / official,0.0,none,yes
0 <= ... < 200 DM,0.2941176470588235,all credits at this bank paid back duly,education,0.08732254869593925,... < 100 DM,4 <= ... < 7 years,1.0,female : divorced/separated/married,none,1.0,unknown / no property,0.26785714285714285,bank,for free,0.0,unskilled - resident,0.0,none,yes
no checking account,0.47058823529411764,existing credits paid back duly till now,furniture/equipment,0.17051832287883792,... < 100 DM,1 <= ... < 4 years,1.0,female : divorced/separated/married,none,0.3333333333333333,"car or other, not in attribute 6",0.16071428571428575,none,own,0.0,management/ self-employed/ highly qualified employee/ officer,0.0,"yes, registered under the customers name",yes
... >= 200 DM / salary assignments for at least 1 year,0.08823529411764706,existing credits paid back duly till now,furniture/equipment,0.05639925167822163,... < 100 DM,< 1 year,1.0,female : divorced/separated/married,none,0.3333333333333333,building society savings agreement/ life insurance,0.07142857142857145,none,own,0.0,skilled employee / official,0.0,none,yes
... < 0 DM,0.2941176470588235,all credits at this bank paid back duly,furniture/equipment,0.14185099592824915,500 <= ... < 1000 DM,1 <= ... < 4 years,1.0,male : single,none,1.0,real estate,0.0535714285714286,stores,own,0.0,skilled employee / official,0.0,"yes, registered under the customers name",yes
no checking account,0.2941176470588235,critical account/ other credits existing (not at this bank),business,0.23528117090348852,... < 100 DM,1 <= ... < 4 years,0.6666666666666667,male : single,none,0.3333333333333333,real estate,0.9821428571428572,none,own,0.0,management/ self-employed/ highly qualified employee/ officer,0.0,"yes, registered under the customers name",yes
0 <= ... < 200 DM,0.47058823529411764,existing credits paid back duly till now,radio/television,0.13321228128095083,100 <= ... < 500 DM,1 <= ... < 4 years,1.0,female : divorced/separated/married,co-applicant,1.0,unknown / no property,0.5535714285714286,none,for free,0.0,skilled employee / official,0.0,none,yes
no checking account,0.20588235294117646,existing credits paid back duly till now,radio/television,0.09909761197314845,... < 100 DM,< 1 year,1.0,male : single,none,0.0,real estate,0.25000000000000006,none,own,0.0,skilled employee / official,0.0,none,yes
no checking account,0.16176470588235292,existing credits paid back duly till now,car (used),0.05777484318256851,unknown/ no savings account,>= 7 years,1.0,male : single,none,1.0,unknown / no property,0.46428571428571425,bank,for free,0.0,skilled employee / official,1.0,none,yes
... < 0 DM,0.1176470588235294,existing credits paid back duly till now,domestic appliances,0.02701661714537251,100 <= ... < 500 DM,unemployed,1.0,female : divorced/separated/married,none,0.6666666666666667,building society savings agreement/ life insurance,0.0535714285714286,none,own,0.0,skilled employee / official,0.0,none,yes
... >= 200 DM / salary assignments for at least 1 year,0.08823529411764706,existing credits paid back duly till now,car (new),0.05447342357213601,100 <= ... < 500 DM,>= 7 years,0.0,female : divorced/separated/married,none,1.0,unknown / no property,0.5178571428571428,none,for free,0.0,unskilled - resident,1.0,none,yes
... < 0 DM,0.25,existing credits paid back duly till now,radio/television,0.17095851216022892,>= 1000 DM,< 1 year,1.0,female : divorced/separated/married,none,0.3333333333333333,"car or other, not in attribute 6",0.17857142857142855,bank,own,0.0,skilled employee / official,0.0,none,yes
... < 0 DM,0.2941176470588235,all credits at this bank paid back duly,car (used),0.18609001870804448,... < 100 DM,1 <= ... < 4 years,0.0,female : divorced/separated/married,guarantor,1.0,"car or other, not in attribute 6",0.0535714285714286,bank,rent,0.0,skilled employee / official,0.0,none,no
no checking account,0.20588235294117646,delay in paying off in the past,furniture/equipment,0.08572686255089688,... < 100 DM,4 <= ... < 7 years,1.0,female : divorced/separated/married,none,0.0,real estate,0.0535714285714286,none,own,0.0,skilled employee / official,0.0,none,yes
0 <= ... < 200 DM,0.6470588235294117,no credits taken/ all credits paid back duly,business,0.6577528337184989,unknown/ no savings account,1 <= ... < 4 years,0.3333333333333333,male : single,none,0.3333333333333333,"car or other, not in attribute 6",0.5178571428571428,bank,own,0.0,management/ self-employed/ highly qualified employee/ officer,0.0,"yes, registered under the customers name",yes
0 <= ... < 200 DM,0.8235294117647058,delay in paying off in the past,radio/television,0.4900957411687025,unknown/ no savings account,1 <= ... < 4 years,0.3333333333333333,male : single,none,0.3333333333333333,unknown / no property,0.14285714285714285,none,for free,0.0,management/ self-employed/ highly qualified employee/ officer,0.0,none,yes
... < 0 DM,0.029411764705882346,critical account/ other credits existing (not at this bank),car (new),0.18851105975569496,... < 100 DM,1 <= ... < 4 years,0.0,male : single,none,0.6666666666666667,real estate,0.32142857142857145,none,rent,0.6666666666666667,skilled employee / official,1.0,none,yes
0 <= ... < 200 DM,0.38235294117647056,existing credits paid back duly till now,furniture/equipment,0.17558049961483438,100 <= ... < 500 DM,1 <= ... < 4 years,0.3333333333333333,female : divorced/separated/married,co-applicant,1.0,"car or other, not in attribute 6",0.035714285714285754,none,rent,0.0,skilled employee / official,0.0,none,yes
no checking account,0.1176470588235294,existing credits paid back duly till now,car (new),0.02145922746781116,... < 100 DM,1 <= ... < 4 years,1.0,male : divorced/separated,none,0.3333333333333333,real estate,0.5357142857142858,none,own,0.0,unskilled - resident,0.0,none,yes
0 <= ... < 200 DM,0.25,critical account/ other credits existing (not at this bank),business,0.18719049191152196,... < 100 DM,4 <= ... < 7 years,0.3333333333333333,male : single,none,0.6666666666666667,building society savings agreement/ life insurance,0.14285714285714285,none,own,0.3333333333333333,skilled employee / official,0.0,none,yes
no checking account,0.20588235294117646,critical account/ other credits existing (not at this bank),car (new),0.0704302850225597,... < 100 DM,1 <= ... < 4 years,0.6666666666666667,male : single,none,0.3333333333333333,building society savings agreement/ life insurance,0.23214285714285715,bank,own,0.3333333333333333,skilled employee / official,0.0,none,yes
no checking account,0.6470588235294117,existing credits paid back duly till now,business,0.20160669087707717,unknown/ no savings account,1 <= ... < 4 years,1.0,male : divorced/separated,none,0.3333333333333333,real estate,0.33928571428571425,bank,own,0.0,skilled employee / official,0.0,none,yes
... < 0 DM,0.1176470588235294,existing credits paid back duly till now,furniture/equipment,0.08847804555959062,... < 100 DM,< 1 year,1.0,female : divorced/separated/married,none,0.0,"car or other, not in attribute 6",0.0535714285714286,none,rent,0.0,skilled employee / official,0.0,none,yes
... < 0 DM,0.20588235294117646,existing credits paid back duly till now,radio/television,0.12930560140860572,... < 100 DM,1 <= ... < 4 years,1.0,male : single,none,1.0,unknown / no property,0.8214285714285714,none,for free,0.3333333333333333,skilled employee / official,0.0,none,yes
no checking account,0.16176470588235292,existing credits paid back duly till now,radio/television,0.09513590844062947,unknown/ no savings account,>= 7 years,1.0,male : single,none,0.3333333333333333,"car or other, not in attribute 6",0.28571428571428575,none,own,0.0,skilled employee / official,0.0,none,yes
... >= 200 DM / salary assignments for at least 1 year,0.029411764705882346,existing credits paid back duly till now,furniture/equipment,0.10267414988445031,... < 100 DM,1 <= ... < 4 years,0.3333333333333333,male : single,none,0.3333333333333333,real estate,0.39285714285714285,none,own,0.0,skilled employee / official,0.0,"yes, registered under the customers name",yes
0 <= ... < 200 DM,0.07352941176470588,all credits at this bank paid back duly,car (new),0.06531308462638935,100 <= ... < 500 DM,4 <= ... < 7 years,0.3333333333333333,male : single,none,0.6666666666666667,unknown / no property,0.17857142857142855,none,own,0.0,skilled employee / official,0.0,none,yes
no checking account,0.5588235294117647,critical account/ other credits existing (not at this bank),furniture/equipment,0.20864971937933313,500 <= ... < 1000 DM,1 <= ... < 4 years,1.0,male : single,none,1.0,real estate,0.30357142857142855,none,own,0.3333333333333333,skilled employee / official,0.0,"yes, registered under the customers name",yes
no checking account,0.07352941176470588,existing credits paid back duly till now,education,0.19709475074281943,unknown/ no savings account,>= 7 years,0.0,male : single,none,1.0,real estate,0.8035714285714286,none,own,0.0,unskilled - resident,0.0,none,yes
... < 0 DM,0.2941176470588235,existing credits paid back duly till now,radio/television,0.18763068119291296,... < 100 DM,1 <= ... < 4 years,0.3333333333333333,female : divorced/separated/married,none,1.0,"car or other, not in attribute 6",0.16071428571428575,none,own,0.0,skilled employee / official,0.0,none,yes
... < 0 DM,0.20588235294117646,all credits at this bank paid back duly,furniture/equipment,0.07169582920655881,... < 100 DM,1 <= ... < 4 years,1.0,male : single,none,0.6666666666666667,"car or other, not in attribute 6",0.44642857142857145,bank,own,0.0,skilled employee / official,0.0,none,yes
0 <= ... < 200 DM,0.16176470588235292,existing credits paid back duly till now,radio/television,0.06569825024760646,unknown/ no savings account,< 1 year,1.0,male : single,none,0.0,building society savings agreement/ life insurance,0.07142857142857145,none,own,0.0,skilled employee / official,0.0,none,yes
no checking account,0.07352941176470588,existing credits paid back duly till now,furniture/equipment,0.09519093210080334,... < 100 DM,< 1 year,0.3333333333333333,female : divorced/separated/married,co-applicant,0.3333333333333333,"car or other, not in attribute 6",0.0,none,rent,0.3333333333333333,skilled employee / official,0.0,none,yes
0 <= ... < 200 DM,0.2941176470588235,existing credits paid back duly till now,car (new),0.060801144492131615,... < 100 DM,< 1 year,0.6666666666666667,female : divorced/separated/married,none,1.0,"car or other, not in attribute 6",0.10714285714285715,none,own,0.0,unskilled - resident,0.0,"yes, registered under the customers name",yes
no checking account,0.1176470588235294,existing credits paid back duly till now,education,0.06289204357873886,... < 100 DM,>= 7 years,1.0,male : single,none,1.0,building society savings agreement/ life insurance,0.49999999999999994,bank,own,0.6666666666666667,skilled employee / official,1.0,"yes, registered under the customers name",yes
no checking account,0.2941176470588235,existing credits paid back duly till now,radio/television,0.06195664135578298,500 <= ... < 1000 DM,4 <= ... < 7 years,1.0,female : divorced/separated/married,none,0.0,"car or other, not in attribute 6",0.16071428571428575,none,own,0.0,skilled employee / official,0.0,none,yes
no checking account,0.8235294117647058,delay in paying off in the past,radio/television,0.847529437658193,... < 100 DM,4 <= ... < 7 years,0.3333333333333333,male : single,none,1.0,"car or other, not in attribute 6",0.035714285714285754,none,own,0.3333333333333333,skilled employee / official,0.0,"yes, registered under the customers name",yes
no checking account,0.1176470588235294,existing credits paid back duly till now,radio/television,0.06839440959612633,... < 100 DM,< 1 year,1.0,female : divorced/separated/married,none,0.6666666666666667,"car or other, not in attribute 6",0.26785714285714285,none,own,0.0,skilled employee / official,1.0,none,yes
... < 0 DM,0.5588235294117647,delay in paying off in the past,radio/television,0.22669747991636405,... < 100 DM,4 <= ... < 7 years,0.6666666666666667,male : single,none,0.3333333333333333,building society savings agreement/ life insurance,0.125,bank,own,0.3333333333333333,skilled employee / official,1.0,"yes, registered under the customers name",yes
... < 0 DM,0.20588235294117646,existing credits paid back duly till now,education,0.027511830086937385,... < 100 DM,unemployed,1.0,female : divorced/separated/married,none,0.0,real estate,0.14285714285714285,none,own,0.0,unemployed/ unskilled - non-resident,0.0,none,yes
0 <= ... < 200 DM,0.16176470588235292,existing credits paid back duly till now,repairs,0.058215032463959496,... < 100 DM,>= 7 years,1.0,male : single,none,1.0,"car or other, not in attribute 6",0.33928571428571425,none,own,0.3333333333333333,unskilled - resident,0.0,none,yes
no checking account,0.16176470588235292,existing credits paid back duly till now,education,0.24061846594035435,100 <= ... < 500 DM,1 <= ... < 4 years,0.6666666666666667,male : single,none,0.3333333333333333,building society savings agreement/ life insurance,0.37499999999999994,none,own,0.0,management/ self-employed/ highly qualified employee/ officer,0.0,"yes, registered under the customers name",yes
no checking account,0.2941176470588235,critical account/ other credits existing (not at this bank),radio/television,0.0880928799383735,... < 100 DM,4 <= ... < 7 years,1.0,male : married/widowed,guarantor,0.3333333333333333,"car or other, not in attribute 6",0.25000000000000006,none,own,0.3333333333333333,skilled employee / official,0.0,"yes, registered under the customers name",yes
... < 0 DM,0.20588235294117646,critical account/ other credits existing (not at this bank),radio/television,0.08968856608341587,... < 100 DM,4 <= ... < 7 years,1.0,male : married/widowed,none,0.0,building society savings agreement/ life insurance,0.23214285714285715,none,own,0.3333333333333333,management/ self-employed/ highly qualified employee/ officer,0.0,"yes, registered under the customers name",yes
no checking account,0.47058823529411764,delay in paying off in the past,business,0.425332893144052,unknown/ no savings account,< 1 year,1.0,male : single,none,1.0,"car or other, not in attribute 6",0.14285714285714285,none,rent,0.3333333333333333,skilled employee / official,0.0,"yes, registered under the customers name",yes
... < 0 DM,0.38235294117647056,no credits taken/ all credits paid back duly,furniture/equipment,0.23841751953339935,... < 100 DM,1 <= ... < 4 years,0.3333333333333333,male : divorced/separated,guarantor,0.3333333333333333,real estate,0.23214285714285715,none,own,0.3333333333333333,skilled employee / official,0.0,none,yes
no checking account,0.1176470588235294,existing credits paid back duly till now,car (new),0.06250687795752173,500 <= ... < 1000 DM,1 <= ... < 4 years,0.3333333333333333,female : divorced/separated/married,none,0.3333333333333333,building society savings agreement/ life insurance,0.125,none,own,0.0,skilled employee / official,0.0,none,yes
... >= 200 DM / salary assignments for at least 1 year,0.2941176470588235,existing credits paid back duly till now,car (new),0.03835149114119071,... < 100 DM,4 <= ... < 7 years,1.0,male : single,none,0.6666666666666667,unknown / no property,0.33928571428571425,bank,for free,0.0,skilled employee / official,1.0,none,yes
... < 0 DM,0.1176470588235294,existing credits paid back duly till now,education,0.023880268515461652,... < 100 DM,1 <= ... < 4 years,1.0,male : single,none,1.0,"car or other, not in attribute 6",0.37499999999999994,none,rent,0.0,unskilled - resident,1.0,none,yes
... < 0 DM,0.6470588235294117,existing credits paid back duly till now,education,0.39760096841641906,... < 100 DM,4 <= ... < 7 years,1.0,male : single,none,0.0,unknown / no property,0.5535714285714286,none,for free,0.0,management/ self-employed/ highly qualified employee/ officer,0.0,"yes, registered under the customers name",yes
0 <= ... < 200 DM,0.1176470588235294,existing credits paid back duly till now,furniture/equipment,0.09199955981071861,... < 100 DM,1 <= ... < 4 years,1.0,male : single,none,0.3333333333333333,building society savings agreement/ life insurance,0.32142857142857145,none,own,0.0,unskilled - resident,0.0,none,yes
... < 0 DM,0.2941176470588235,existing credits paid back duly till now,car (new),0.1129635743369649,... < 100 DM,>= 7 years,1.0,male : single,co-applicant,0.0,real estate,0.46428571428571425,none,own,0.0,skilled employee / official,0.0,none,yes
0 <= ... < 200 DM,0.47058823529411764,delay in paying off in the past,car (new),0.4311654011224827,100 <= ... < 500 DM,>= 7 years,0.3333333333333333,male : single,none,1.0,"car or other, not in attribute 6",0.41071428571428575,none,own,1.0,management/ self-employed/ highly qualified employee/ officer,0.0,"yes, registered under the customers name",yes
no checking account,0.2941176470588235,critical account/ other credits existing (not at this bank),car (used),0.1153295917244415,... < 100 DM,4 <= ... < 7 years,1.0,male : single,none,0.6666666666666667,"car or other, not in attribute 6",0.28571428571428575,none,own,0.3333333333333333,skilled employee / official,0.0,"yes, registered under the customers name",yes
... < 0 DM,0.14705882352941174,existing credits paid back duly till now,car (new),0.20485308682733577,... < 100 DM,unemployed,0.0,male : single,none,1.0,unknown / no property,0.0535714285714286,none,for free,0.0,skilled employee / official,0.0,none,yes
0 <= ... < 200 DM,0.1176470588235294,existing credits paid back duly till now,car (new),0.035105095190932106,... < 100 DM,>= 7 years,1.0,male : single,none,1.0,"car or other, not in attribute 6",0.39285714285714285,bank,own,0.0,unskilled - resident,1.0,none,yes
no checking account,0.6470588235294117,existing credits paid back duly till now,radio/television,0.5486959392538792,unknown/ no savings account,4 <= ... < 7 years,1.0,male : single,none,0.6666666666666667,"car or other, not in attribute 6",0.32142857142857145,stores,own,0.0,skilled employee / official,0.0,"yes, registered under the customers name",yes
0 <= ... < 200 DM,0.38235294117647056,no credits taken/ all credits paid back duly,business,0.2184989545504567,... < 100 DM,1 <= ... < 4 years,0.3333333333333333,female : divorced/separated/married,none,0.0,"car or other, not in attribute 6",0.16071428571428575,none,own,0.3333333333333333,skilled employee / official,0.0,none,yes
0 <= ... < 200 DM,0.20588235294117646,critical account/ other credits existing (not at this bank),furniture/equipment,0.3362495873225487,... < 100 DM,>= 7 years,0.3333333333333333,male : single,none,0.0,unknown / no property,0.39285714285714285,none,own,0.0,skilled employee / official,0.0,"yes, registered under the customers name",yes
... >= 200 DM / salary assignments for at least 1 year,0.1176470588235294,existing credits paid back duly till now,radio/television,0.05760977220204688,... < 100 DM,1 <= ... < 4 years,0.6666666666666667,male : married/widowed,none,1.0,real estate,0.07142857142857145,none,rent,0.0,skilled employee / official,0.0,none,yes
... < 0 DM,0.1176470588235294,existing credits paid back duly till now,car (new),0.035765379113018594,unknown/ no savings account,1 <= ... < 4 years,1.0,male : married/widowed,none,0.3333333333333333,"car or other, not in attribute 6",0.07142857142857145,none,own,0.0,skilled employee / official,0.0,none,yes
no checking account,0.25,existing credits paid back duly till now,furniture/equipment,0.10955210740618465,... < 100 DM,>= 7 years,1.0,male : single,none,0.3333333333333333,real estate,0.5535714285714286,none,own,0.3333333333333333,skilled employee / official,0.0,none,yes
0 <= ... < 200 DM,0.029411764705882346,delay in paying off in the past,furniture/equipment,0.044018928139099814,... < 100 DM,unemployed,1.0,male : single,none,0.0,building society savings agreement/ life insurance,0.28571428571428575,stores,own,0.3333333333333333,management/ self-employed/ highly qualified employee/ officer,0.0,"yes, registered under the customers name",yes
... >= 200 DM / salary assignments for at least 1 year,0.029411764705882346,critical account/ other credits existing (not at this bank),education,0.04385385715857819,... < 100 DM,1 <= ... < 4 years,0.3333333333333333,female : divorced/separated/married,none,1.0,building society savings agreement/ life insurance,0.5535714285714286,none,own,0.0,unskilled - resident,0.0,none,yes
no checking account,0.2941176470588235,critical account/ other credits existing (not at this bank),others,0.3336634752943766,... < 100 DM,unemployed,1.0,male : single,co-applicant,0.3333333333333333,unknown / no property,0.14285714285714285,bank,own,0.3333333333333333,management/ self-employed/ highly qualified employee/ officer,0.0,"yes, registered under the customers name",yes
0 <= ... < 200 DM,0.38235294117647056,all credits at this bank paid back duly,furniture/equipment,0.1786068009243975,>= 1000 DM,1 <= ... < 4 years,1.0,male : single,none,0.3333333333333333,"car or other, not in attribute 6",0.26785714285714285,stores,own,0.0,skilled employee / official,1.0,"yes, registered under the customers name",yes
no checking account,0.6470588235294117,all credits at this bank paid back duly,business,0.18482447452404535,... < 100 DM,1 <= ... < 4 years,0.0,female : divorced/separated/married,none,0.0,real estate,0.14285714285714285,stores,own,0.0,skilled employee / official,0.0,none,yes
... < 0 DM,0.1176470588235294,critical account/ other credits existing (not at this bank),car (new),0.25272367117860683,... < 100 DM,>= 7 years,0.6666666666666667,male : single,co-applicant,1.0,building society savings agreement/ life insurance,0.42857142857142855,none,rent,0.3333333333333333,skilled employee / official,0.0,"yes, registered under the customers name",yes
... >= 200 DM / salary assignments for at least 1 year,0.38235294117647056,critical account/ other credits existing (not at this bank),radio/television,0.1522504677011115,... < 100 DM,>= 7 years,1.0,male : single,none,1.0,building society savings agreement/ life insurance,0.49999999999999994,none,own,0.0,skilled employee / official,0.0,none,yes
no checking account,0.2941176470588235,critical account/ other credits existing (not at this bank),business,0.21398701441619897,100 <= ... < 500 DM,1 <= ... < 4 years,0.6666666666666667,male : single,none,0.6666666666666667,building society savings agreement/ life insurance,0.14285714285714285,none,own,0.3333333333333333,unskilled - resident,0.0,"yes, registered under the customers name",yes
no checking account,0.47058823529411764,existing credits paid back duly till now,business,0.30218994167492025,100 <= ... < 500 DM,4 <= ... < 7 years,0.3333333333333333,male : single,none,0.3333333333333333,"car or other, not in attribute 6",0.21428571428571425,none,own,0.3333333333333333,skilled employee / official,0.0,"yes, registered under the customers name",yes
no checking account,0.8235294117647058,existing credits paid back duly till now,car (new),0.5566193463189171,... < 100 DM,>= 7 years,0.3333333333333333,male : single,none,1.0,building society savings agreement/ life insurance,0.41071428571428575,none,own,0.0,management/ self-employed/ highly qualified employee/ officer,0.0,"yes, registered under the customers name",yes
no checking account,0.029411764705882346,critical account/ other credits existing (not at this bank),car (new),0.10069329811819082,500 <= ... < 1000 DM,1 <= ... < 4 years,0.0,male : married/widowed,none,0.3333333333333333,"car or other, not in attribute 6",0.0892857142857143,none,own,0.0,skilled employee / official,0.0,none,yes
no checking account,0.25,delay in paying off in the past,business,0.12820512820512822,500 <= ... < 1000 DM,< 1 year,1.0,male : single,none,0.3333333333333333,real estate,0.39285714285714285,bank,own,0.0,unskilled - resident,1.0,none,yes
no checking account,0.38235294117647056,critical account/ other credits existing (not at this bank),radio/television,0.23550126554418402,... < 100 DM,4 <= ... < 7 years,1.0,female : divorced/separated/married,none,1.0,"car or other, not in attribute 6",0.125,none,rent,0.0,management/ self-employed/ highly qualified employee/ officer,0.0,"yes, registered under the customers name",yes
no checking account,0.2941176470588235,critical account/ other credits existing (not at this bank),furniture/equipment,0.26961593485198637,... < 100 DM,>= 7 years,1.0,male : single,none,1.0,"car or other, not in attribute 6",0.25000000000000006,none,own,0.0,skilled employee / official,0.0,"yes, registered under the customers name",yes
0 <= ... < 200 DM,1.0,existing credits paid back duly till now,radio/television,0.2941014636293606,100 <= ... < 500 DM,1 <= ... < 4 years,0.3333333333333333,male : married/widowed,none,0.3333333333333333,"car or other, not in attribute 6",0.0892857142857143,none,own,0.0,skilled employee / official,0.0,none,yes
... < 0 DM,0.2941176470588235,existing credits paid back duly till now,radio/television,0.11742049081104876,... < 100 DM,>= 7 years,1.0,male : single,none,1.0,real estate,0.8035714285714286,bank,rent,0.0,unskilled - resident,0.0,none,yes
no checking account,0.20588235294117646,existing credits paid back duly till now,radio/television,0.06619346318917134,... < 100 DM,< 1 year,0.6666666666666667,female : divorced/separated/married,none,0.0,real estate,0.125,none,own,0.0,skilled employee / official,0.0,none,yes
no checking account,0.029411764705882346,existing credits paid back duly till now,education,0.0708704743039507,... < 100 DM,< 1 year,0.0,female : divorced/separated/married,none,0.3333333333333333,unknown / no property,0.6607142857142858,none,own,0.0,skilled employee / official,0.0,none,yes
no checking account,0.1176470588235294,existing credits paid back duly till now,radio/television,0.1116430064927919,unknown/ no savings account,1 <= ... < 4 years,1.0,male : single,none,1.0,unknown / no property,0.32142857142857145,none,for free,0.0,skilled employee / official,0.0,"yes, registered under the customers name",yes
no checking account,0.16176470588235292,delay in paying off in the past,radio/television,0.0675690546935182,... < 100 DM,1 <= ... < 4 years,1.0,male : married/widowed,none,0.6666666666666667,real estate,0.25000000000000006,bank,own,0.3333333333333333,skilled employee / official,0.0,none,yes
no checking account,0.2941176470588235,critical account/ other credits existing (not at this bank),radio/television,0.26702982282381427,... < 100 DM,< 1 year,0.6666666666666667,male : married/widowed,none,0.6666666666666667,unknown / no property,0.49999999999999994,none,for free,0.6666666666666667,skilled employee / official,0.0,"yes, registered under the customers name",yes
0 <= ... < 200 DM,0.47058823529411764,delay in paying off in the past,business,0.5286123032904149,100 <= ... < 500 DM,4 <= ... < 7 years,0.0,male : single,none,0.6666666666666667,building society savings agreement/ life insurance,0.21428571428571425,none,own,0.3333333333333333,unskilled - resident,1.0,"yes, registered under the customers name",yes
no checking account,0.8235294117647058,existing credits paid back duly till now,car (new),0.3453835149114119,unknown/ no savings account,1 <= ... < 4 years,1.0,male : single,none,1.0,unknown / no property,0.26785714285714285,none,for free,0.0,skilled employee / official,1.0,"yes, registered under the customers name",yes
... >= 200 DM / salary assignments for at least 1 year,0.08823529411764706,critical account/ other credits existing (not at this bank),radio/television,0.06036095521074061,unknown/ no savings account,4 <= ... < 7 years,1.0,male : single,none,0.3333333333333333,building society savings agreement/ life insurance,0.14285714285714285,none,own,0.3333333333333333,skilled employee / official,0.0,"yes, registered under the customers name",yes
0 <= ... < 200 DM,0.47058823529411764,delay in paying off in the past,car (new),0.1437218003741609,100 <= ... < 500 DM,>= 7 years,1.0,male : single,none,0.6666666666666667,unknown / no property,0.19642857142857145,none,for free,0.0,skilled employee / official,0.0,none,yes
no checking account,0.07352941176470588,existing credits paid back duly till now,radio/television,0.13772422141520854,100 <= ... < 500 DM,>= 7 years,0.6666666666666667,male : single,co-applicant,1.0,"car or other, not in attribute 6",0.28571428571428575,none,own,0.0,skilled employee / official,0.0,"yes, registered under the customers name",yes
... < 0 DM,0.1176470588235294,existing credits paid back duly till now,car (new),0.18713546825134808,>= 1000 DM,1 <= ... < 4 years,0.0,male : single,none,0.6666666666666667,building society savings agreement/ life insurance,0.21428571428571425,none,own,0.0,skilled employee / official,1.0,none,yes
... < 0 DM,0.16176470588235292,critical account/ other credits existing (not at this bank),furniture/equipment,0.039892153626059204,... < 100 DM,1 <= ... < 4 years,0.3333333333333333,male : divorced/separated,none,0.6666666666666667,building society savings agreement/ life insurance,0.10714285714285715,none,own,0.3333333333333333,skilled employee / official,0.0,none,yes
0 <= ... < 200 DM,0.16176470588235292,existing credits paid back duly till now,repairs,0.13101133487399583,100 <= ... < 500 DM,1 <= ... < 4 years,0.6666666666666667,female : divorced/separated/married,none,0.3333333333333333,real estate,0.10714285714285715,none,own,0.0,unskilled - resident,0.0,none,yes
0 <= ... < 200 DM,0.2941176470588235,existing credits paid back duly till now,radio/television,0.14559260482007264,100 <= ... < 500 DM,< 1 year,0.3333333333333333,male : single,none,0.0,"car or other, not in attribute 6",0.17857142857142855,none,own,0.0,skilled employee / official,0.0,none,yes
... < 0 DM,0.029411764705882346,critical account/ other credits existing (not at this bank),car (new),0.24573566633652472,unknown/ no savings account,< 1 year,0.0,male : single,none,0.6666666666666667,real estate,0.44642857142857145,none,own,0.3333333333333333,unskilled - resident,1.0,none,yes
no checking account,0.2941176470588235,existing credits paid back duly till now,radio/television,0.11191812479366127,... < 100 DM,4 <= ... < 7 years,1.0,male : single,none,0.3333333333333333,"car or other, not in attribute 6",0.16071428571428575,none,own,0.0,skilled employee / official,0.0,"yes, registered under the customers name",yes
no checking account,0.029411764705882346,existing credits paid back duly till now,car (used),0.05425332893144051,500 <= ... < 1000 DM,1 <= ... < 4 years,0.3333333333333333,male : single,none,1.0,building society savings agreement/ life insurance,0.5535714285714286,none,rent,0.0,skilled employee / official,0.0,none,yes
0 <= ... < 200 DM,0.1176470588235294,existing credits paid back duly till now,radio/television,0.04693518212831517,... < 100 DM,4 <= ... < 7 years,1.0,male : single,guarantor,0.6666666666666667,real estate,0.17857142857142855,none,own,0.3333333333333333,skilled employee / official,0.0,none,no
no checking account,0.1176470588235294,critical account/ other credits existing (not at this bank),car (new),0.03719599427753935,... < 100 DM,unemployed,0.0,female : divorced/separated/married,none,0.3333333333333333,building society savings agreement/ life insurance,0.33928571428571425,none,own,0.0,unemployed/ unskilled - non-resident,0.0,none,yes
no checking account,0.20588235294117646,critical account/ other credits existing (not at this bank),radio/television,0.08528667326950588,... < 100 DM,1 <= ... < 4 years,1.0,male : single,none,0.3333333333333333,"car or other, not in attribute 6",0.0892857142857143,none,own,0.3333333333333333,skilled employee / official,0.0,none,yes
... >= 200 DM / salary assignments for at least 1 year,0.16176470588235292,existing credits paid back duly till now,education,0.09106415758776273,... < 100 DM,>= 7 years,1.0,male : single,none,1.0,"car or other, not in attribute 6",0.37499999999999994,none,rent,0.0,management/ self-employed/ highly qualified employee/ officer,0.0,"yes, registered under the customers name",yes
no checking account,0.1176470588235294,existing credits paid back duly till now,furniture/equipment,0.04803565533179267,500 <= ... < 1000 DM,1 <= ... < 4 years,1.0,female : divorced/separated/married,none,1.0,"car or other, not in attribute 6",0.17857142857142855,none,rent,0.0,unskilled - resident,0.0,none,yes
... < 0 DM,0.6470588235294117,critical account/ other credits existing (not at this bank),car (used),0.33459887751733247,... < 100 DM,>= 7 years,1.0,male : single,none,1.0,unknown / no property,0.48214285714285715,none,for free,0.3333333333333333,skilled employee / official,0.0,"yes, registered under the customers name",yes
... >= 200 DM / salary assignments for at least 1 year,0.2941176470588235,existing credits paid back duly till now,radio/television,0.062011665015956854,100 <= ... < 500 DM,>= 7 years,1.0,female : divorced/separated/married,none,0.3333333333333333,unknown / no property,0.49999999999999994,none,for free,0.0,skilled employee / official,0.0,"yes, registered under the customers name",yes
0 <= ... < 200 DM,0.38235294117647056,delay in paying off in the past,business,0.12396830637173985,100 <= ... < 500 DM,>= 7 years,1.0,male : single,none,0.3333333333333333,building society savings agreement/ life insurance,0.39285714285714285,stores,own,0.3333333333333333,skilled employee / official,0.0,none,yes
0 <= ... < 200 DM,0.338235294117647,existing credits paid back duly till now,business,0.12534389787608674,... < 100 DM,< 1 year,1.0,female : divorced/separated/married,none,0.0,building society savings agreement/ life insurance,0.23214285714285715,none,own,0.0,skilled employee / official,1.0,"yes, registered under the customers name",yes
no checking account,0.16176470588235292,existing credits paid back duly till now,car (new),0.2791900517222406,500 <= ... < 1000 DM,>= 7 years,0.0,female : divorced/separated/married,none,1.0,unknown / no property,0.28571428571428575,none,for free,0.0,skilled employee / official,0.0,none,yes
0 <= ... < 200 DM,0.6470588235294117,existing credits paid back duly till now,car (new),0.3471992956971498,100 <= ... < 500 DM,4 <= ... < 7 years,0.6666666666666667,male : single,none,0.3333333333333333,building society savings agreement/ life insurance,0.0892857142857143,none,own,0.0,skilled employee / official,0.0,none,yes
0 <= ... < 200 DM,0.1176470588235294,no credits taken/ all credits paid back duly,furniture/equipment,0.1496093320127655,... < 100 DM,< 1 year,1.0,female : divorced/separated/married,none,0.6666666666666667,building society savings agreement/ life insurance,0.10714285714285715,none,rent,0.3333333333333333,skilled employee / official,0.0,none,yes
0 <= ... < 200 DM,0.07352941176470588,existing credits paid back duly till now,radio/television,0.05260261912622427,... < 100 DM,>= 7 years,1.0,female : divorced/separated/married,none,1.0,real estate,0.10714285714285715,none,own,0.0,skilled employee / official,0.0,none,yes
0 <= ... < 200 DM,0.07352941176470588,existing credits paid back duly till now,radio/television,0.10278419720479806,... < 100 DM,1 <= ... < 4 years,0.3333333333333333,male : single,none,0.3333333333333333,real estate,0.32142857142857145,none,own,0.0,unskilled - resident,1.0,none,yes
no checking account,0.20588235294117646,critical account/ other credits existing (not at this bank),radio/television,0.02085396720589854,500 <= ... < 1000 DM,>= 7 years,1.0,male : single,none,0.6666666666666667,building society savings agreement/ life insurance,0.23214285714285715,bank,own,0.3333333333333333,management/ self-employed/ highly qualified employee/ officer,0.0,"yes, registered under the customers name",yes
... < 0 DM,0.029411764705882346,all credits at this bank paid back duly,education,0.05216242984483327,... < 100 DM,>= 7 years,1.0,female : divorced/separated/married,none,1.0,unknown / no property,0.28571428571428575,none,for free,0.0,skilled employee / official,0.0,none,yes
no checking account,0.25,existing credits paid back duly till now,car (used),0.12248266754704522,unknown/ no savings account,>= 7 years,1.0,male : single,none,1.0,real estate,0.48214285714285715,none,own,0.0,management/ self-employed/ highly qualified employee/ officer,0.0,"yes, registered under the customers name",yes
... < 0 DM,0.07352941176470588,critical account/ other credits existing (not at this bank),radio/television,0.04886101023440079,... < 100 DM,1 <= ... < 4 years,1.0,male : single,none,1.0,real estate,0.10714285714285715,none,own,0.3333333333333333,unskilled - resident,0.0,none,yes
0 <= ... < 200 DM,0.8235294117647058,existing credits paid back duly till now,car (new),0.7580609662154726,... < 100 DM,4 <= ... < 7 years,1.0,male : single,none,0.3333333333333333,unknown / no property,0.14285714285714285,none,own,0.0,management/ self-employed/ highly qualified employee/ officer,0.0,"yes, registered under the customers name",yes
no checking account,0.38235294117647056,critical account/ other credits existing (not at this bank),car (used),0.40420380763728403,unknown/ no savings account,>= 7 years,0.0,male : single,none,1.0,"car or other, not in attribute 6",0.7857142857142858,none,own,0.3333333333333333,skilled employee / official,0.0,none,yes
no checking account,0.38235294117647056,critical account/ other credits existing (not at this bank),radio/television,0.15555188731154398,unknown/ no savings account,>= 7 years,0.6666666666666667,male : single,none,0.3333333333333333,"car or other, not in attribute 6",0.37499999999999994,none,own,0.3333333333333333,skilled employee / official,1.0,"yes, registered under the customers name",yes
no checking account,0.20588235294117646,existing credits paid back duly till now,radio/television,0.06905469351821283,... < 100 DM,1 <= ... < 4 years,1.0,male : single,none,0.3333333333333333,unknown / no property,0.23214285714285715,none,for free,0.0,management/ self-employed/ highly qualified employee/ officer,0.0,"yes, registered under the customers name",yes
... >= 200 DM / salary assignments for at least 1 year,0.2941176470588235,critical account/ other credits existing (not at this bank),radio/television,0.1594585671838891,unknown/ no savings account,1 <= ... < 4 years,0.6666666666666667,male : single,none,0.3333333333333333,"car or other, not in attribute 6",0.21428571428571425,none,own,0.3333333333333333,skilled employee / official,0.0,"yes, registered under the customers name",yes
0 <= ... < 200 DM,0.23529411764705882,no credits taken/ all credits paid back duly,car (used),0.3245295477055134,100 <= ... < 500 DM,>= 7 years,0.6666666666666667,male : married/widowed,none,1.0,"car or other, not in attribute 6",0.21428571428571425,bank,own,0.3333333333333333,skilled employee / official,0.0,"yes, registered under the customers name",yes
... >= 200 DM / salary assignments for at least 1 year,0.07352941176470588,no credits taken/ all credits paid back duly,radio/television,0.05981071860900186,... < 100 DM,< 1 year,1.0,male : single,none,0.3333333333333333,"car or other, not in attribute 6",0.26785714285714285,none,own,0.3333333333333333,management/ self-employed/ highly qualified employee/ officer,0.0,"yes, registered under the customers name",yes
0 <= ... < 200 DM,0.029411764705882346,all credits at this bank paid back duly,education,0.010069329811819083,>= 1000 DM,< 1 year,1.0,female : divorced/separated/married,none,0.3333333333333333,building society savings agreement/ life insurance,0.0892857142857143,bank,rent,0.0,skilled employee / official,1.0,none,yes
... < 0 DM,0.1176470588235294,existing credits paid back duly till now,car (new),0.053813139650049524,... < 100 DM,1 <= ... < 4 years,1.0,female : divorced/separated/married,none,0.3333333333333333,real estate,0.0892857142857143,none,own,0.0,unskilled - resident,0.0,none,yes
0 <= ... < 200 DM,0.07352941176470588,existing credits paid back duly till now,radio/television,0.02971277649389237,500 <= ... < 1000 DM,1 <= ... < 4 years,1.0,female : divorced/separated/married,none,0.6666666666666667,real estate,0.8392857142857144,none,own,0.0,unskilled - resident,0.0,none,yes
no checking account,0.338235294117647,existing credits paid back duly till now,car (new),0.12765489160338947,... < 100 DM,1 <= ... < 4 years,0.6666666666666667,female : divorced/separated/married,none,0.6666666666666667,real estate,0.035714285714285754,none,rent,0.0,skilled employee / official,0.0,none,yes
no checking account,0.029411764705882346,critical account/ other credits existing (not at this bank),car (new),0.0,>= 1000 DM,1 <= ... < 4 years,0.3333333333333333,female : divorced/separated/married,none,0.3333333333333333,real estate,0.39285714285714285,bank,own,0.3333333333333333,unskilled - resident,0.0,none,yes
no checking account,0.16176470588235292,critical account/ other credits existing (not at this bank),radio/television,0.0586552217453505,500 <= ... < 1000 DM,1 <= ... < 4 years,0.3333333333333333,male : married/widowed,none,0.3333333333333333,building society savings agreement/ life insurance,0.49999999999999994,none,own,0.3333333333333333,unskilled - resident,0.0,none,yes
... < 0 DM,0.20588235294117646,existing credits paid back duly till now,radio/television,0.08979861340376362,... < 100 DM,1 <= ... < 4 years,1.0,female : divorced/separated/married,none,1.0,"car or other, not in attribute 6",0.10714285714285715,bank,rent,0.3333333333333333,skilled employee / official,0.0,none,yes
0 <= ... < 200 DM,0.6470588235294117,all credits at this bank paid back duly,business,0.33927588863211183,... < 100 DM,>= 7 years,1.0,female : divorced/separated/married,none,0.6666666666666667,unknown / no property,0.7142857142857144,none,rent,0.0,skilled employee / official,0.0,none,yes
... >= 200 DM / salary assignments for at least 1 year,0.2941176470588235,critical account/ other credits existing (not at this bank),business,0.05639925167822163,>= 1000 DM,1 <= ... < 4 years,0.3333333333333333,male : divorced/separated,none,1.0,real estate,0.30357142857142855,none,own,0.3333333333333333,skilled employee / official,0.0,"yes, registered under the customers name",yes
0 <= ... < 200 DM,0.2941176470588235,delay in paying off in the past,radio/television,0.33856058104985143,... < 100 DM,< 1 year,0.0,male : single,none,0.3333333333333333,"car or other, not in attribute 6",0.25000000000000006,none,own,0.0,skilled employee / official,0.0,none,yes
... < 0 DM,0.2941176470588235,existing credits paid back duly till now,radio/television,0.09557609772202047,... < 100 DM,1 <= ... < 4 years,0.3333333333333333,male : single,none,1.0,real estate,0.035714285714285754,none,rent,0.0,unskilled - resident,1.0,none,yes
0 <= ... < 200 DM,0.058823529411764705,existing credits paid back duly till now,radio/television,0.02806206668867613,... < 100 DM,4 <= ... < 7 years,1.0,female : divorced/separated/married,guarantor,0.3333333333333333,real estate,0.44642857142857145,none,own,0.0,unskilled - resident,0.0,none,yes
no checking account,0.2941176470588235,existing credits paid back duly till now,car (used),0.12947067238912735,>= 1000 DM,1 <= ... < 4 years,0.3333333333333333,female : divorced/separated/married,none,1.0,"car or other, not in attribute 6",0.16071428571428575,none,rent,0.0,skilled employee / official,0.0,"yes, registered under the customers name",yes
no checking account,0.0,critical account/ other credits existing (not at this bank),car (new),0.17222405634422802,... < 100 DM,4 <= ... < 7 years,0.0,female : divorced/separated/married,none,0.0,real estate,0.32142857142857145,none,own,0.0,skilled employee / official,1.0,none,yes
0 <= ... < 200 DM,0.47058823529411764,all credits at this bank paid back duly,domestic appliances,0.20578848905029165,unknown/ no savings account,< 1 year,0.6666666666666667,female : divorced/separated/married,none,0.3333333333333333,unknown / no property,0.17857142857142855,bank,own,0.0,unemployed/ unskilled - non-resident,0.0,none,yes
0 <= ... < 200 DM,0.2941176470588235,existing credits paid back duly till now,car (used),0.6223175965665235,... < 100 DM,1 <= ... < 4 years,0.0,female : divorced/separated/married,none,1.0,"car or other, not in attribute 6",0.07142857142857145,none,rent,0.3333333333333333,management/ self-employed/ highly qualified employee/ officer,0.0,none,yes
... < 0 DM,0.20588235294117646,existing credits paid back duly till now,car (new),0.2272477165181028,100 <= ... < 500 DM,1 <= ... < 4 years,0.6666666666666667,male : single,none,1.0,"car or other, not in attribute 6",0.28571428571428575,none,own,0.0,unskilled - resident,1.0,"yes, registered under the customers name",yes
no checking account,0.029411764705882346,critical account/ other credits existing (not at this bank),car (new),0.3582590513920986,... < 100 DM,4 <= ... < 7 years,0.0,male : single,none,0.6666666666666667,unknown / no property,0.46428571428571425,none,own,0.3333333333333333,management/ self-employed/ highly qualified employee/ officer,1.0,"yes, registered under the customers name",yes
0 <= ... < 200 DM,0.38235294117647056,no credits taken/ all credits paid back duly,business,0.2217453505007153,100 <= ... < 500 DM,1 <= ... < 4 years,1.0,female : divorced/separated/married,none,1.0,"car or other, not in attribute 6",0.125,none,rent,0.3333333333333333,unskilled - resident,0.0,none,yes
... < 0 DM,0.2941176470588235,all credits at this bank paid back duly,car (new),0.11417409486079015,100 <= ... < 500 DM,4 <= ... < 7 years,0.3333333333333333,male : single,none,0.6666666666666667,"car or other, not in attribute 6",0.23214285714285715,bank,own,0.0,skilled employee / official,0.0,none,yes
0 <= ... < 200 DM,0.08823529411764706,all credits at this bank paid back duly,radio/television,0.043908880818752064,... < 100 DM,1 <= ... < 4 years,1.0,male : single,none,1.0,real estate,0.07142857142857145,stores,own,0.0,unskilled - resident,0.0,none,yes
no checking account,0.25,existing credits paid back duly till now,radio/television,0.16011885110597557,unknown/ no savings account,>= 7 years,1.0,male : single,none,0.6666666666666667,building society savings agreement/ life insurance,0.39285714285714285,none,own,0.0,skilled employee / official,0.0,"yes, registered under the customers name",yes
... < 0 DM,0.2941176470588235,all credits at this bank paid back duly,furniture/equipment,0.12286783316826234,500 <= ... < 1000 DM,1 <= ... < 4 years,1.0,male : single,none,1.0,real estate,0.0535714285714286,stores,own,0.0,skilled employee / official,0.0,"yes, registered under the customers name",yes
... < 0 DM,0.5147058823529411,critical account/ other credits existing (not at this bank),furniture/equipment,0.7664245625619016,unknown/ no savings account,4 <= ... < 7 years,1.0,male : single,none,1.0,building society savings agreement/ life insurance,0.19642857142857145,none,own,0.3333333333333333,management/ self-employed/ highly qualified employee/ officer,0.0,"yes, registered under the customers name",yes
... < 0 DM,0.13235294117647056,critical account/ other credits existing (not at this bank),business,0.08512160228898426,... < 100 DM,< 1 year,0.6666666666666667,male : single,none,0.0,building society savings agreement/ life insurance,0.16071428571428575,bank,own,0.3333333333333333,unskilled - resident,0.0,none,yes
... < 0 DM,0.16176470588235292,existing credits paid back duly till now,car (new),0.12440849565313085,... < 100 DM,unemployed,0.0,female : divorced/separated/married,none,1.0,"car or other, not in attribute 6",0.07142857142857145,none,rent,0.0,skilled employee / official,0.0,none,yes
... < 0 DM,0.1176470588235294,existing credits paid back duly till now,car (new),0.056344228018047754,... < 100 DM,< 1 year,0.6666666666666667,female : divorced/separated/married,none,0.0,real estate,0.32142857142857145,none,own,0.0,unskilled - resident,0.0,none,yes
no checking account,0.25,existing credits paid back duly till now,car (used),0.2750082535490261,unknown/ no savings account,1 <= ... < 4 years,0.0,male : single,none,0.6666666666666667,"car or other, not in attribute 6",0.125,none,own,0.0,skilled employee / official,0.0,none,yes
no checking account,0.16176470588235292,existing credits paid back duly till now,car (used),0.15291075162319798,... < 100 DM,4 <= ... < 7 years,0.3333333333333333,male : single,none,0.3333333333333333,"car or other, not in attribute 6",0.25000000000000006,none,own,0.0,skilled employee / official,0.0,none,yes
... < 0 DM,0.029411764705882346,existing credits paid back duly till now,furniture/equipment,0.00979421151094971,... < 100 DM,>= 7 years,0.3333333333333333,female : divorced/separated/married,none,0.0,building society savings agreement/ life insurance,0.5357142857142858,bank,own,0.0,skilled employee / official,0.0,"yes, registered under the customers name",yes
... < 0 DM,0.20588235294117646,existing credits paid back duly till now,car (new),0.03994717728623308,... < 100 DM,< 1 year,0.0,female : divorced/separated/married,none,0.3333333333333333,"car or other, not in attribute 6",0.07142857142857145,none,own,0.0,unskilled - resident,0.0,none,yes
0 <= ... < 200 DM,0.1176470588235294,existing credits paid back duly till now,business,0.03251898316275999,100 <= ... < 500 DM,4 <= ... < 7 years,0.3333333333333333,female : divorced/separated/married,none,1.0,real estate,0.07142857142857145,none,rent,0.0,unskilled - resident,0.0,none,yes
no checking account,0.38235294117647056,critical account/ other credits existing (not at this bank),radio/television,0.3037856278199626,... < 100 DM,4 <= ... < 7 years,1.0,female : divorced/separated/married,none,0.3333333333333333,"car or other, not in attribute 6",0.10714285714285715,none,own,0.3333333333333333,skilled employee / official,0.0,none,yes
no checking account,0.1176470588235294,delay in paying off in the past,repairs,0.07180587652690656,>= 1000 DM,>= 7 years,1.0,male : single,none,1.0,unknown / no property,0.6428571428571428,none,for free,0.3333333333333333,skilled employee / official,1.0,none,yes
... < 0 DM,0.2941176470588235,existing credits paid back duly till now,car (new),0.05694948827996038,unknown/ no savings account,4 <= ... < 7 years,1.0,female : divorced/separated/married,none,1.0,unknown / no property,0.23214285714285715,none,rent,0.0,skilled employee / official,0.0,none,yes
... >= 200 DM / salary assignments for at least 1 year,0.029411764705882346,critical account/ other credits existing (not at this bank),car (new),0.05771981952239463,... < 100 DM,1 <= ... < 4 years,0.0,male : single,none,0.0,real estate,0.9821428571428572,none,own,0.6666666666666667,unemployed/ unskilled - non-resident,1.0,none,no
... >= 200 DM / salary assignments for at least 1 year,0.16176470588235292,critical account/ other credits existing (not at this bank),radio/television,0.05617915703752613,unknown/ no savings account,1 <= ... < 4 years,0.6666666666666667,male : single,none,1.0,unknown / no property,0.35714285714285715,none,for free,0.3333333333333333,skilled employee / official,0.0,"yes, registered under the customers name",yes
no checking account,0.2941176470588235,existing credits paid back duly till now,car (new),0.06289204357873886,... < 100 DM,1 <= ... < 4 years,0.3333333333333333,male : single,guarantor,0.3333333333333333,real estate,0.21428571428571425,none,own,0.0,skilled employee / official,0.0,"yes, registered under the customers name",yes
... < 0 DM,0.1176470588235294,critical account/ other credits existing (not at this bank),car (new),0.02426543413667877,... < 100 DM,>= 7 years,1.0,male : single,none,0.6666666666666667,building society savings agreement/ life insurance,0.28571428571428575,none,own,0.3333333333333333,skilled employee / official,0.0,none,yes
no checking account,0.16176470588235292,critical account/ other credits existing (not at this bank),car (new),0.2638384505337295,unknown/ no savings account,>= 7 years,0.0,female : divorced/separated/married,none,1.0,"car or other, not in attribute 6",0.7142857142857144,none,own,0.0,skilled employee / official,0.0,"yes, registered under the customers name",yes
... < 0 DM,0.20588235294117646,critical account/ other credits existing (not at this bank),furniture/equipment,0.10311433916584131,... < 100 DM,1 <= ... < 4 years,1.0,female : divorced/separated/married,none,1.0,real estate,0.0892857142857143,none,rent,0.3333333333333333,skilled employee / official,0.0,none,yes
... < 0 DM,0.1176470588235294,existing credits paid back duly till now,radio/television,0.10806646858149004,... < 100 DM,1 <= ... < 4 years,1.0,male : single,none,0.6666666666666667,building society savings agreement/ life insurance,0.0892857142857143,none,own,0.0,unskilled - resident,0.0,none,yes
no checking account,0.25,critical account/ other credits existing (not at this bank),car (new),0.6839440959612633,unknown/ no savings account,>= 7 years,1.0,male : single,none,1.0,unknown / no property,0.19642857142857145,none,for free,0.0,management/ self-employed/ highly qualified employee/ officer,0.0,"yes, registered under the customers name",yes
no checking account,0.2941176470588235,critical account/ other credits existing (not at this bank),car (new),0.12176735996478487,100 <= ... < 500 DM,4 <= ... < 7 years,1.0,male : married/widowed,none,0.6666666666666667,building society savings agreement/ life insurance,0.14285714285714285,none,own,0.3333333333333333,skilled employee / official,0.0,"yes, registered under the customers name",yes
0 <= ... < 200 DM,0.1176470588235294,existing credits paid back duly till now,radio/television,0.049796412457356665,... < 100 DM,>= 7 years,0.6666666666666667,male : married/widowed,guarantor,0.6666666666666667,real estate,0.37499999999999994,bank,own,0.3333333333333333,unskilled - resident,0.0,none,yes
... < 0 DM,0.38235294117647056,existing credits paid back duly till now,furniture/equipment,0.1572576207769341,... < 100 DM,< 1 year,0.3333333333333333,male : divorced/separated,none,1.0,building society savings agreement/ life insurance,0.21428571428571425,none,own,0.0,unskilled - resident,0.0,none,yes
no checking account,0.08823529411764706,existing credits paid back duly till now,car (used),0.145867723120942,unknown/ no savings account,< 1 year,0.0,female : divorced/separated/married,none,1.0,real estate,0.21428571428571425,none,rent,0.0,skilled employee / official,0.0,none,yes
0 <= ... < 200 DM,0.1176470588235294,critical account/ other credits existing (not at this bank),furniture/equipment,0.18526466380543635,... < 100 DM,>= 7 years,0.0,male : single,none,1.0,"car or other, not in attribute 6",0.16071428571428575,none,rent,0.6666666666666667,skilled employee / official,0.0,"yes, registered under the customers name",yes
no checking account,0.1176470588235294,critical account/ other credits existing (not at this bank),radio/television,0.07730824254429404,... < 100 DM,>= 7 years,0.3333333333333333,male : single,none,1.0,real estate,0.7857142857142858,none,own,0.3333333333333333,unskilled - resident,0.0,"yes, registered under the customers name",yes
... < 0 DM,0.2941176470588235,existing credits paid back duly till now,car (used),0.14097061736546715,unknown/ no savings account,>= 7 years,0.3333333333333333,female : divorced/separated/married,none,1.0,real estate,0.125,none,rent,0.0,skilled employee / official,0.0,none,yes
... < 0 DM,0.47058823529411764,critical account/ other credits existing (not at this bank),education,0.4300099042588313,... < 100 DM,1 <= ... < 4 years,0.6666666666666667,female : divorced/separated/married,none,0.3333333333333333,unknown / no property,0.10714285714285715,none,own,0.3333333333333333,management/ self-employed/ highly qualified employee/ officer,0.0,"yes, registered under the customers name",yes
no checking account,0.25,critical account/ other credits existing (not at this bank),car (used),0.16644657202597118,... < 100 DM,>= 7 years,0.0,male : single,none,1.0,"car or other, not in attribute 6",0.30357142857142855,none,own,0.0,management/ self-employed/ highly qualified employee/ officer,0.0,"yes, registered under the customers name",yes
no checking account,0.2941176470588235,critical account/ other credits existing (not at this bank),radio/television,0.10856168152305491,100 <= ... < 500 DM,>= 7 years,1.0,male : single,none,1.0,building society savings agreement/ life insurance,0.5892857142857142,bank,own,0.3333333333333333,skilled employee / official,0.0,none,yes
... >= 200 DM / salary assignments for at least 1 year,0.1176470588235294,critical account/ other credits existing (not at this bank),car (new),0.06767910201386595,500 <= ... < 1000 DM,unemployed,0.3333333333333333,male : single,none,1.0,unknown / no property,0.8392857142857144,bank,for free,0.6666666666666667,unemployed/ unskilled - non-resident,0.0,none,yes
... < 0 DM,0.2941176470588235,existing credits paid back duly till now,car (new),0.06168152305491362,unknown/ no savings account,1 <= ... < 4 years,1.0,female : divorced/separated/married,none,1.0,real estate,0.10714285714285715,none,rent,0.0,skilled employee / official,0.0,none,yes
no checking account,0.47058823529411764,critical account/ other credits existing (not at this bank),car (new),0.18075272367117862,... < 100 DM,4 <= ... < 7 years,1.0,male : single,none,1.0,"car or other, not in attribute 6",0.32142857142857145,none,own,0.3333333333333333,skilled employee / official,0.0,"yes, registered under the customers name",yes
... < 0 DM,0.20588235294117646,existing credits paid back duly till now,radio/television,0.17932210850665786,... < 100 DM,4 <= ... < 7 years,1.0,female : divorced/separated/married,guarantor,0.0,real estate,0.10714285714285715,none,own,0.0,skilled employee / official,0.0,none,yes
no checking account,0.47058823529411764,critical account/ other credits existing (not at this bank),car (used),0.3004842082095301,>= 1000 DM,>= 7 years,1.0,male : single,none,0.3333333333333333,"car or other, not in attribute 6",0.33928571428571425,none,own,0.3333333333333333,management/ self-employed/ highly qualified employee/ officer,0.0,"yes, registered under the customers name",yes
0 <= ... < 200 DM,0.20588235294117646,existing credits paid back duly till now,repairs,0.1992956971497744,... < 100 DM,unemployed,0.3333333333333333,female : divorced/separated/married,none,1.0,"car or other, not in attribute 6",0.8571428571428572,none,own,0.0,skilled employee / official,0.0,"yes, registered under the customers name",yes
0 <= ... < 200 DM,0.5147058823529411,critical account/ other credits existing (not at this bank),radio/television,0.25767580059425554,... < 100 DM,4 <= ... < 7 years,0.3333333333333333,male : single,guarantor,0.3333333333333333,real estate,0.10714285714285715,none,own,0.3333333333333333,skilled employee / official,0.0,none,yes
no checking account,0.2941176470588235,critical account/ other credits existing (not at this bank),car (new),0.09298998569384835,>= 1000 DM,>= 7 years,1.0,male : single,none,1.0,real estate,0.7321428571428572,none,own,0.0,skilled employee / official,0.0,"yes, registered under the customers name",yes
0 <= ... < 200 DM,0.1176470588235294,no credits taken/ all credits paid back duly,retraining,0.06382744580169472,... < 100 DM,1 <= ... < 4 years,0.3333333333333333,male : single,none,0.3333333333333333,real estate,0.21428571428571425,none,own,0.0,unskilled - resident,0.0,"yes, registered under the customers name",yes
0 <= ... < 200 DM,0.1176470588235294,existing credits paid back duly till now,car (new),0.03224386486189061,100 <= ... < 500 DM,< 1 year,1.0,female : divorced/separated/married,none,0.3333333333333333,building society savings agreement/ life insurance,0.07142857142857145,bank,own,0.0,unskilled - resident,0.0,none,yes
0 <= ... < 200 DM,0.23529411764705882,existing credits paid back duly till now,car (used),0.3421371189611533,unknown/ no savings account,unemployed,0.0,male : divorced/separated,none,1.0,real estate,0.7321428571428572,none,own,0.0,management/ self-employed/ highly qualified employee/ officer,0.0,"yes, registered under the customers name",yes
0 <= ... < 200 DM,0.20588235294117646,existing credits paid back duly till now,business,0.09304500935402223,>= 1000 DM,1 <= ... < 4 years,1.0,male : single,none,0.3333333333333333,building society savings agreement/ life insurance,0.28571428571428575,none,own,0.0,unskilled - resident,0.0,"yes, registered under the customers name",yes
no checking account,0.2647058823529412,existing credits paid back duly till now,radio/television,0.1334323759216463,500 <= ... < 1000 DM,>= 7 years,0.6666666666666667,male : single,none,1.0,"car or other, not in attribute 6",0.37499999999999994,none,own,0.0,skilled employee / official,0.0,none,yes
no checking account,0.6470588235294117,critical account/ other credits existing (not at this bank),car (used),0.1376141740948608,unknown/ no savings account,>= 7 years,1.0,male : single,none,0.6666666666666667,"car or other, not in attribute 6",0.33928571428571425,none,own,0.3333333333333333,skilled employee / official,1.0,"yes, registered under the customers name",yes
0 <= ... < 200 DM,0.6470588235294117,delay in paying off in the past,education,0.32871134587872786,... < 100 DM,>= 7 years,1.0,male : single,none,1.0,unknown / no property,0.5535714285714286,none,for free,0.0,skilled employee / official,0.0,none,yes
... < 0 DM,0.5294117647058824,critical account/ other credits existing (not at this bank),education,0.3162759986794322,... < 100 DM,1 <= ... < 4 years,1.0,male : single,none,0.6666666666666667,unknown / no property,0.14285714285714285,bank,own,0.0,skilled employee / official,0.0,"yes, registered under the customers name",yes
0 <= ... < 200 DM,0.25,existing credits paid back duly till now,business,0.05161219324309453,... < 100 DM,>= 7 years,0.3333333333333333,female : divorced/separated/married,none,1.0,building society savings agreement/ life insurance,0.35714285714285715,none,own,0.0,skilled employee / official,1.0,none,yes
no checking account,0.2941176470588235,existing credits paid back duly till now,car (used),0.3336084516342027,unknown/ no savings account,>= 7 years,0.6666666666666667,male : single,none,1.0,"car or other, not in attribute 6",0.39285714285714285,none,own,0.0,management/ self-employed/ highly qualified employee/ officer,1.0,"yes, registered under the customers name",yes
no checking account,0.029411764705882346,critical account/ other credits existing (not at this bank),furniture/equipment,0.0534279740288324,unknown/ no savings account,1 <= ... < 4 years,0.0,male : married/widowed,none,0.3333333333333333,building society savings agreement/ life insurance,0.14285714285714285,none,own,0.3333333333333333,skilled employee / official,0.0,none,yes
... >= 200 DM / salary assignments for at least 1 year,0.2941176470588235,existing credits paid back duly till now,furniture/equipment,0.14537251017937713,... < 100 DM,>= 7 years,0.6666666666666667,male : divorced/separated,none,1.0,unknown / no property,0.5714285714285714,none,for free,0.0,skilled employee / official,0.0,none,yes
no checking account,0.2941176470588235,existing credits paid back duly till now,furniture/equipment,0.15472653240893586,500 <= ... < 1000 DM,>= 7 years,1.0,male : single,none,0.6666666666666667,unknown / no property,0.23214285714285715,none,rent,0.0,skilled employee / official,0.0,"yes, registered under the customers name",yes
no checking account,0.07352941176470588,existing credits paid back duly till now,furniture/equipment,0.11285352701661715,100 <= ... < 500 DM,< 1 year,0.3333333333333333,female : divorced/separated/married,none,1.0,building society savings agreement/ life insurance,0.0535714285714286,none,rent,0.0,skilled employee / official,0.0,none,yes
... < 0 DM,0.20588235294117646,existing credits paid back duly till now,car (used),0.39952679652250467,unknown/ no savings account,>= 7 years,0.0,male : single,none,1.0,building society savings agreement/ life insurance,0.5714285714285714,none,for free,0.0,skilled employee / official,1.0,"yes, registered under the customers name",yes
no checking account,0.1176470588235294,critical account/ other credits existing (not at this bank),furniture/equipment,0.055463849455265765,... < 100 DM,< 1 year,0.3333333333333333,female : divorced/separated/married,none,1.0,building society savings agreement/ life insurance,0.0535714285714286,none,rent,0.3333333333333333,unskilled - resident,0.0,none,yes
no checking account,0.2941176470588235,delay in paying off in the past,car (new),0.02569604930119952,unknown/ no savings account,>= 7 years,1.0,male : married/widowed,none,1.0,"car or other, not in attribute 6",0.625,none,own,0.3333333333333333,skilled employee / official,0.0,"yes, registered under the customers name",yes
0 <= ... < 200 DM,0.07352941176470588,existing credits paid back duly till now,car (new),0.07147573456586331,unknown/ no savings account,< 1 year,1.0,male : single,none,0.3333333333333333,real estate,0.28571428571428575,none,own,0.0,unemployed/ unskilled - non-resident,0.0,none,yes
no checking account,0.2941176470588235,critical account/ other credits existing (not at this bank),education,0.07411687025420931,... < 100 DM,>= 7 years,1.0,male : single,none,1.0,unknown / no property,0.625,none,for free,0.3333333333333333,skilled employee / official,1.0,none,yes
0 <= ... < 200 DM,0.20588235294117646,critical account/ other credits existing (not at this bank),radio/television,0.08501155496863651,... < 100 DM,>= 7 years,0.6666666666666667,female : divorced/separated/married,guarantor,1.0,real estate,0.5178571428571428,bank,rent,0.3333333333333333,unskilled - resident,0.0,"yes, registered under the customers name",yes
... < 0 DM,0.23529411764705882,critical account/ other credits existing (not at this bank),furniture/equipment,0.2213051612193243,... < 100 DM,>= 7 years,0.0,female : divorced/separated/married,none,1.0,building society savings agreement/ life insurance,0.0892857142857143,none,own,0.3333333333333333,skilled employee / official,0.0,none,yes
no checking account,0.1176470588235294,critical account/ other credits existing (not at this bank),radio/television,0.03994717728623308,unknown/ no savings account,>= 7 years,1.0,male : single,none,1.0,"car or other, not in attribute 6",0.28571428571428575,none,own,0.3333333333333333,skilled employee / official,0.0,none,yes
0 <= ... < 200 DM,0.1176470588235294,existing credits paid back duly till now,car (new),0.39738087377572356,unknown/ no savings account,unemployed,0.0,female : divorced/separated/married,none,0.3333333333333333,real estate,0.0892857142857143,none,rent,0.0,unemployed/ unskilled - non-resident,0.0,none,yes
... < 0 DM,0.47058823529411764,existing credits paid back duly till now,car (new),0.49636843842852424,... < 100 DM,4 <= ... < 7 years,0.3333333333333333,male : single,none,0.0,"car or other, not in attribute 6",0.0892857142857143,none,own,0.0,skilled employee / official,0.0,"yes, registered under the customers name",yes
0 <= ... < 200 DM,0.029411764705882346,existing credits paid back duly till now,radio/television,0.01870804445911742,... < 100 DM,< 1 year,0.6666666666666667,male : married/widowed,none,0.6666666666666667,real estate,0.125,none,own,0.0,unskilled - resident,0.0,none,no
no checking account,0.1176470588235294,critical account/ other credits existing (not at this bank),radio/television,0.037416088918234836,unknown/ no savings account,>= 7 years,1.0,male : single,none,1.0,real estate,0.8214285714285714,none,own,1.0,skilled employee / official,0.0,none,yes
0 <= ... < 200 DM,0.5588235294117647,all credits at this bank paid back duly,car (used),0.49702872235061074,... < 100 DM,unemployed,0.0,male : single,none,0.3333333333333333,unknown / no property,0.6428571428571428,bank,for free,0.0,management/ self-employed/ highly qualified employee/ officer,0.0,"yes, registered under the customers name",yes
0 <= ... < 200 DM,0.16176470588235292,no credits taken/ all credits paid back duly,car (new),0.08407615274568064,... < 100 DM,< 1 year,0.3333333333333333,female : divorced/separated/married,none,0.0,real estate,0.125,none,rent,0.3333333333333333,unemployed/ unskilled - non-resident,0.0,none,yes
0 <= ... < 200 DM,0.058823529411764705,existing credits paid back duly till now,business,0.03615054473423572,... < 100 DM,< 1 year,0.6666666666666667,male : married/widowed,none,0.3333333333333333,real estate,0.125,none,own,0.0,skilled employee / official,0.0,"yes, registered under the customers name",yes
0 <= ... < 200 DM,0.029411764705882346,existing credits paid back duly till now,radio/television,0.012875536480686695,... < 100 DM,4 <= ... < 7 years,0.6666666666666667,male : married/widowed,guarantor,0.6666666666666667,real estate,0.16071428571428575,bank,own,0.0,unskilled - resident,0.0,none,yes
... < 0 DM,0.47058823529411764,critical account/ other credits existing (not at this bank),car (used),0.5160669087707714,... < 100 DM,4 <= ... < 7 years,1.0,male : single,none,1.0,"car or other, not in attribute 6",0.0892857142857143,none,own,0.3333333333333333,skilled employee / official,0.0,"yes, registered under the customers name",yes
... < 0 DM,0.6470588235294117,existing credits paid back duly till now,domestic appliances,0.15412127214702323,... < 100 DM,1 <= ... < 4 years,0.6666666666666667,male : single,none,1.0,"car or other, not in attribute 6",0.625,none,own,0.0,skilled employee / official,0.0,none,yes
... < 0 DM,0.6470588235294117,existing credits paid back duly till now,car (new),0.20254209310003302,... < 100 DM,4 <= ... < 7 years,1.0,male : single,none,1.0,unknown / no property,0.48214285714285715,none,for free,0.0,skilled employee / official,1.0,none,yes
0 <= ... < 200 DM,0.47058823529411764,delay in paying off in the past,car (new),0.39517992736876856,... < 100 DM,1 <= ... < 4 years,0.3333333333333333,female : divorced/separated/married,none,0.3333333333333333,building society savings agreement/ life insurance,0.625,none,rent,0.0,skilled employee / official,0.0,none,yes
no checking account,0.029411764705882346,existing credits paid back duly till now,domestic appliances,0.05986574226917574,500 <= ... < 1000 DM,1 <= ... < 4 years,0.0,male : divorced/separated,none,1.0,real estate,0.7678571428571428,none,own,0.0,skilled employee / official,0.0,none,yes
no checking account,0.029411764705882346,critical account/ other credits existing (not at this bank),radio/television,0.07175085286673269,... < 100 DM,4 <= ... < 7 years,0.0,female : divorced/separated/married,none,0.3333333333333333,"car or other, not in attribute 6",0.0892857142857143,none,rent,0.3333333333333333,skilled employee / official,0.0,"yes, registered under the customers name",yes
... < 0 DM,0.47058823529411764,existing credits paid back duly till now,others,0.8587542643336634,... < 100 DM,unemployed,0.3333333333333333,male : divorced/separated,co-applicant,0.6666666666666667,"car or other, not in attribute 6",0.42857142857142855,none,own,0.0,management/ self-employed/ highly qualified employee/ officer,0.0,none,yes
... < 0 DM,0.20588235294117646,existing credits paid back duly till now,radio/television,0.06025090789039286,... < 100 DM,1 <= ... < 4 years,1.0,male : married/widowed,none,0.6666666666666667,real estate,0.125,bank,own,0.0,skilled employee / official,0.0,none,yes
no checking account,0.1176470588235294,existing credits paid back duly till now,car (new),0.04682513480796743,... < 100 DM,1 <= ... < 4 years,0.6666666666666667,male : married/widowed,none,0.3333333333333333,real estate,0.14285714285714285,none,own,0.3333333333333333,skilled employee / official,0.0,"yes, registered under the customers name",yes
... >= 200 DM / salary assignments for at least 1 year,0.1176470588235294,existing credits paid back duly till now,radio/television,0.15219544404093763,... < 100 DM,1 <= ... < 4 years,0.6666666666666667,male : married/widowed,none,0.0,"car or other, not in attribute 6",0.0892857142857143,none,own,0.0,skilled employee / official,0.0,none,yes
... < 0 DM,0.47058823529411764,existing credits paid back duly till now,furniture/equipment,0.1354682513480797,... < 100 DM,>= 7 years,0.3333333333333333,male : single,none,0.3333333333333333,building society savings agreement/ life insurance,0.39285714285714285,bank,own,0.0,skilled employee / official,1.0,none,yes
... < 0 DM,0.058823529411764705,critical account/ other credits existing (not at this bank),car (new),0.026466380543633764,... < 100 DM,>= 7 years,1.0,male : single,none,1.0,real estate,0.49999999999999994,none,own,0.3333333333333333,unskilled - resident,0.0,none,yes
no checking account,0.20588235294117646,critical account/ other credits existing (not at this bank),furniture/equipment,0.19423352041377795,... < 100 DM,< 1 year,0.6666666666666667,male : divorced/separated,none,0.3333333333333333,"car or other, not in attribute 6",0.28571428571428575,none,own,0.3333333333333333,management/ self-employed/ highly qualified employee/ officer,0.0,"yes, registered under the customers name",yes
... < 0 DM,0.25,critical account/ other credits existing (not at this bank),car (new),0.07439198855507868,... < 100 DM,>= 7 years,1.0,male : married/widowed,none,0.6666666666666667,"car or other, not in attribute 6",0.19642857142857145,none,own,0.3333333333333333,skilled employee / official,0.0,"yes, registered under the customers name",yes
... < 0 DM,0.20588235294117646,critical account/ other credits existing (not at this bank),car (new),0.20446792120611865,... < 100 DM,>= 7 years,0.0,female : divorced/separated/married,none,1.0,real estate,0.25000000000000006,bank,rent,0.6666666666666667,skilled employee / official,0.0,"yes, registered under the customers name",yes
no checking account,0.20588235294117646,no credits taken/ all credits paid back duly,business,0.21541762958071972,... < 100 DM,1 <= ... < 4 years,0.3333333333333333,male : single,none,0.3333333333333333,"car or other, not in attribute 6",0.30357142857142855,stores,own,0.3333333333333333,skilled employee / official,1.0,none,yes
... < 0 DM,0.47058823529411764,existing credits paid back duly till now,car (used),0.44486629250577747,unknown/ no savings account,>= 7 years,0.6666666666666667,male : single,none,1.0,unknown / no property,0.49999999999999994,none,for free,0.0,skilled employee / official,0.0,none,yes
0 <= ... < 200 DM,0.6470588235294117,delay in paying off in the past,business,0.3538571585781886,unknown/ no savings account,1 <= ... < 4 years,1.0,male : single,none,1.0,unknown / no property,0.33928571428571425,none,for free,0.0,skilled employee / official,1.0,"yes, registered under the customers name",yes
no checking account,0.2941176470588235,delay in paying off in the past,business,0.11692527786948388,500 <= ... < 1000 DM,1 <= ... < 4 years,1.0,male : single,none,0.3333333333333333,"car or other, not in attribute 6",0.44642857142857145,none,own,0.3333333333333333,skilled employee / official,1.0,"yes, registered under the customers name",yes
... < 0 DM,0.20588235294117646,existing credits paid back duly till now,car (new),0.05315285572796302,... < 100 DM,< 1 year,1.0,female : divorced/separated/married,none,0.6666666666666667,"car or other, not in attribute 6",0.07142857142857145,none,rent,0.0,skilled employee / official,0.0,"yes, registered under the customers name",yes
... < 0 DM,0.6029411764705882,no credits taken/ all credits paid back duly,business,0.6364036535710355,... < 100 DM,>= 7 years,0.3333333333333333,male : single,none,1.0,"car or other, not in attribute 6",0.17857142857142855,none,rent,0.3333333333333333,skilled employee / official,0.0,none,yes
0 <= ... < 200 DM,0.2941176470588235,existing credits paid back duly till now,radio/television,0.2659843732805106,unknown/ no savings account,>= 7 years,0.3333333333333333,female : divorced/separated/married,none,1.0,"car or other, not in attribute 6",0.41071428571428575,none,own,0.0,skilled employee / official,0.0,"yes, registered under the customers name",yes
... >= 200 DM / salary assignments for at least 1 year,0.16176470588235292,existing credits paid back duly till now,radio/television,0.11428414218113787,... < 100 DM,< 1 year,0.3333333333333333,female : divorced/separated/married,none,0.6666666666666667,real estate,0.10714285714285715,none,own,0.0,unskilled - resident,0.0,none,yes
... < 0 DM,0.1176470588235294,no credits taken/ all credits paid back duly,car (new),0.045779685264663805,... < 100 DM,1 <= ... < 4 years,1.0,male : single,none,1.0,"car or other, not in attribute 6",0.5178571428571428,bank,own,0.3333333333333333,skilled employee / official,0.0,none,yes
no checking account,0.1176470588235294,existing credits paid back duly till now,radio/television,0.034995047870584356,unknown/ no savings account,1 <= ... < 4 years,1.0,female : divorced/separated/married,none,0.3333333333333333,"car or other, not in attribute 6",0.035714285714285754,none,own,0.0,skilled employee / official,0.0,none,yes
no checking account,0.0,existing credits paid back duly till now,furniture/equipment,0.01931330472103004,... < 100 DM,< 1 year,0.0,female : divorced/separated/married,none,0.6666666666666667,real estate,0.07142857142857145,none,rent,0.0,unskilled - resident,1.0,none,yes
... < 0 DM,0.2941176470588235,critical account/ other credits existing (not at this bank),car (used),0.148949048090679,... < 100 DM,>= 7 years,1.0,male : single,none,1.0,building society savings agreement/ life insurance,0.7857142857142858,none,own,0.3333333333333333,skilled employee / official,0.0,"yes, registered under the customers name",yes
no checking account,0.2941176470588235,critical account/ other credits existing (not at this bank),radio/television,0.12991086167051832,... < 100 DM,>= 7 years,1.0,male : married/widowed,co-applicant,0.6666666666666667,real estate,0.48214285714285715,none,own,0.3333333333333333,skilled employee / official,0.0,none,yes
... < 0 DM,0.47058823529411764,existing credits paid back duly till now,furniture/equipment,0.2712116209970287,... < 100 DM,4 <= ... < 7 years,1.0,male : single,none,0.3333333333333333,building society savings agreement/ life insurance,0.17857142857142855,none,own,0.0,skilled employee / official,0.0,none,yes
no checking account,0.25,delay in paying off in the past,car (used),0.1509298998569385,... < 100 DM,1 <= ... < 4 years,0.6666666666666667,male : single,none,0.3333333333333333,real estate,0.16071428571428575,stores,own,0.3333333333333333,unskilled - resident,0.0,none,yes
no checking account,0.20588235294117646,existing credits paid back duly till now,repairs,0.09315505667436998,... < 100 DM,< 1 year,1.0,female : divorced/separated/married,none,1.0,real estate,0.07142857142857145,none,own,0.0,skilled employee / official,0.0,none,yes
no checking account,0.2941176470588235,all credits at this bank paid back duly,business,0.07202597116760207,... < 100 DM,4 <= ... < 7 years,1.0,male : single,none,1.0,"car or other, not in attribute 6",0.5535714285714286,bank,own,0.0,skilled employee / official,0.0,"yes, registered under the customers name",yes
no checking account,0.20588235294117646,existing credits paid back duly till now,furniture/equipment,0.17453505007153078,... < 100 DM,>= 7 years,1.0,male : single,none,1.0,building society savings agreement/ life insurance,0.49999999999999994,bank,own,0.6666666666666667,skilled employee / official,1.0,"yes, registered under the customers name",yes
0 <= ... < 200 DM,0.25,existing credits paid back duly till now,furniture/equipment,0.2050181578078574,unknown/ no savings account,4 <= ... < 7 years,0.3333333333333333,male : single,none,0.6666666666666667,"car or other, not in attribute 6",0.28571428571428575,none,own,0.0,skilled employee / official,0.0,"yes, registered under the customers name",yes
no checking account,0.20588235294117646,existing credits paid back duly till now,car (new),0.3582590513920986,unknown/ no savings account,1 <= ... < 4 years,0.3333333333333333,male : single,none,1.0,"car or other, not in attribute 6",0.875,none,rent,0.3333333333333333,skilled employee / official,0.0,none,yes
no checking account,0.2941176470588235,existing credits paid back duly till now,car (new),0.05496863651370089,... < 100 DM,< 1 year,1.0,male : married/widowed,none,0.3333333333333333,real estate,0.16071428571428575,none,own,0.0,skilled employee / official,0.0,none,yes
... < 0 DM,0.07352941176470588,existing credits paid back duly till now,radio/television,0.06129635743369649,... < 100 DM,4 <= ... < 7 years,0.6666666666666667,male : single,none,1.0,real estate,0.7142857142857144,none,own,0.0,skilled employee / official,0.0,none,yes
... < 0 DM,0.1176470588235294,existing credits paid back duly till now,radio/television,0.025255860019808517,... < 100 DM,>= 7 years,1.0,male : single,none,1.0,real estate,0.6785714285714286,stores,own,0.0,unskilled - resident,0.0,none,yes
... < 0 DM,0.23529411764705882,critical account/ other credits existing (not at this bank),car (new),0.10922196544514141,... < 100 DM,1 <= ... < 4 years,1.0,male : married/widowed,guarantor,0.3333333333333333,building society savings agreement/ life insurance,0.25000000000000006,bank,rent,0.3333333333333333,skilled employee / official,0.0,none,no
no checking account,0.2941176470588235,critical account/ other credits existing (not at this bank),car (used),0.20864971937933313,unknown/ no savings account,4 <= ... < 7 years,0.6666666666666667,male : single,none,1.0,building society savings agreement/ life insurance,0.42857142857142855,none,own,0.3333333333333333,skilled employee / official,0.0,"yes, registered under the customers name",yes
no checking account,0.16176470588235292,critical account/ other credits existing (not at this bank),radio/television,0.06718388907230109,... < 100 DM,1 <= ... < 4 years,1.0,male : single,none,1.0,unknown / no property,0.28571428571428575,none,for free,0.3333333333333333,skilled employee / official,0.0,"yes, registered under the customers name",yes
... < 0 DM,0.20588235294117646,all credits at this bank paid back duly,car (new),0.06558820292725871,... < 100 DM,4 <= ... < 7 years,1.0,male : single,none,1.0,unknown / no property,0.23214285714285715,none,for free,0.3333333333333333,unskilled - resident,1.0,none,yes
no checking account,0.47058823529411764,delay in paying off in the past,car (new),0.5846263893474194,... < 100 DM,>= 7 years,0.3333333333333333,male : single,none,0.3333333333333333,"car or other, not in attribute 6",0.46428571428571425,none,own,0.3333333333333333,skilled employee / official,1.0,"yes, registered under the customers name",yes
no checking account,0.2941176470588235,existing credits paid back duly till now,car (new),0.06734896005282272,100 <= ... < 500 DM,< 1 year,1.0,male : married/widowed,none,0.6666666666666667,real estate,0.25000000000000006,none,own,0.0,skilled employee / official,0.0,"yes, registered under the customers name",yes
no checking account,0.08823529411764706,existing credits paid back duly till now,retraining,0.03543523715197534,unknown/ no savings account,4 <= ... < 7 years,1.0,female : divorced/separated/married,none,0.6666666666666667,building society savings agreement/ life insurance,0.37499999999999994,none,own,0.0,skilled employee / official,0.0,"yes, registered under the customers name",yes
no checking account,0.16176470588235292,critical account/ other credits existing (not at this bank),furniture/equipment,0.17018818091779467,... < 100 DM,1 <= ... < 4 years,1.0,male : single,none,0.3333333333333333,unknown / no property,0.16071428571428575,none,for free,0.0,skilled employee / official,0.0,"yes, registered under the customers name",yes
... < 0 DM,0.16176470588235292,existing credits paid back duly till now,car (new),0.20408275558490152,... < 100 DM,1 <= ... < 4 years,0.6666666666666667,female : divorced/separated/married,none,0.3333333333333333,building society savings agreement/ life insurance,0.17857142857142855,none,own,0.0,skilled employee / official,0.0,"yes, registered under the customers name",yes
no checking account,0.07352941176470588,existing credits paid back duly till now,car (new),0.18306371739848135,100 <= ... < 500 DM,1 <= ... < 4 years,0.0,male : single,guarantor,0.3333333333333333,real estate,0.125,none,rent,0.0,skilled employee / official,1.0,none,no
no checking account,0.2941176470588235,critical account/ other credits existing (not at this bank),car (used),0.30560140860570045,>= 1000 DM,1 <= ... < 4 years,1.0,male : single,none,0.3333333333333333,real estate,0.14285714285714285,none,own,0.3333333333333333,skilled employee / official,0.0,none,yes
no checking account,0.20588235294117646,delay in paying off in the past,business,0.10559040387366568,... < 100 DM,1 <= ... < 4 years,1.0,male : married/widowed,none,0.3333333333333333,"car or other, not in attribute 6",0.16071428571428575,none,own,0.0,skilled employee / official,0.0,"yes, registered under the customers name",yes
... < 0 DM,0.2941176470588235,existing credits paid back duly till now,radio/television,0.12044679212061186,... < 100 DM,< 1 year,1.0,female : divorced/separated/married,none,1.0,real estate,0.28571428571428575,none,own,0.0,skilled employee / official,0.0,"yes, registered under the customers name",yes
no checking account,0.338235294117647,critical account/ other credits existing (not at this bank),furniture/equipment,0.23528117090348852,>= 1000 DM,< 1 year,1.0,male : single,none,0.3333333333333333,real estate,0.23214285714285715,stores,own,0.3333333333333333,unskilled - resident,1.0,"yes, registered under the customers name",yes
no checking account,0.08823529411764706,existing credits paid back duly till now,furniture/equipment,0.10784637394079453,... < 100 DM,1 <= ... < 4 years,0.3333333333333333,male : single,none,0.3333333333333333,real estate,0.10714285714285715,bank,rent,0.0,unskilled - resident,0.0,none,yes
no checking account,0.16176470588235292,existing credits paid back duly till now,furniture/equipment,0.10845163420270716,500 <= ... < 1000 DM,1 <= ... < 4 years,0.3333333333333333,female : divorced/separated/married,none,1.0,"car or other, not in attribute 6",0.01785714285714285,none,rent,0.0,skilled employee / official,0.0,none,yes
... < 0 DM,0.20588235294117646,existing credits paid back duly till now,radio/television,0.11769560911191813,... < 100 DM,< 1 year,1.0,female : divorced/separated/married,none,0.0,"car or other, not in attribute 6",0.14285714285714285,stores,own,0.0,skilled employee / official,0.0,none,yes
no checking account,0.1176470588235294,critical account/ other credits existing (not at this bank),furniture/equipment,0.16952789699570817,... < 100 DM,>= 7 years,0.3333333333333333,male : single,none,1.0,building society savings agreement/ life insurance,0.41071428571428575,stores,own,0.0,skilled employee / official,0.0,none,yes
no checking account,0.47058823529411764,existing credits paid back duly till now,business,0.39391438318476946,unknown/ no savings account,>= 7 years,0.6666666666666667,male : single,none,0.3333333333333333,building society savings agreement/ life insurance,0.32142857142857145,none,own,0.3333333333333333,skilled employee / official,0.0,none,yes
... < 0 DM,0.1176470588235294,existing credits paid back duly till now,furniture/equipment,0.022119511389897654,... < 100 DM,>= 7 years,1.0,female : divorced/separated/married,none,1.0,building society savings agreement/ life insurance,0.0892857142857143,none,rent,0.0,skilled employee / official,0.0,none,yes
no checking account,0.47058823529411764,delay in paying off in the past,furniture/equipment,0.4087157477715418,500 <= ... < 1000 DM,4 <= ... < 7 years,0.3333333333333333,female : divorced/separated/married,none,1.0,"car or other, not in attribute 6",0.37499999999999994,none,own,0.3333333333333333,skilled employee / official,0.0,"yes, registered under the customers name",yes
... >= 200 DM / salary assignments for at least 1 year,0.029411764705882346,critical account/ other credits existing (not at this bank),car (new),0.06014086057004511,... < 100 DM,>= 7 years,0.0,male : single,none,1.0,real estate,0.48214285714285715,none,own,0.3333333333333333,skilled employee / official,1.0,none,no
... < 0 DM,0.2941176470588235,critical account/ other credits existing (not at this bank),business,0.06228678331682623,100 <= ... < 500 DM,4 <= ... < 7 years,1.0,male : single,none,0.0,real estate,0.125,none,own,0.3333333333333333,skilled employee / official,0.0,"yes, registered under the customers name",yes
no checking account,0.16176470588235292,existing credits paid back duly till now,domestic appliances,0.034334763948497854,unknown/ no savings account,< 1 year,1.0,female : divorced/separated/married,none,0.0,real estate,0.0892857142857143,none,own,0.0,skilled employee / official,0.0,none,yes
... < 0 DM,0.1176470588235294,existing credits paid back duly till now,furniture/equipment,0.18377902498074172,... < 100 DM,1 <= ... < 4 years,0.3333333333333333,male : single,co-applicant,0.3333333333333333,building society savings agreement/ life insurance,0.17857142857142855,none,own,0.0,unskilled - resident,1.0,none,yes
0 <= ... < 200 DM,0.10294117647058824,critical account/ other credits existing (not at this bank),car (new),0.05898536370639375,>= 1000 DM,1 <= ... < 4 years,1.0,female : divorced/separated/married,none,1.0,"car or other, not in attribute 6",0.37499999999999994,none,own,0.3333333333333333,skilled employee / official,0.0,none,yes
... < 0 DM,0.20588235294117646,all credits at this bank paid back duly,radio/television,0.09298998569384835,... < 100 DM,< 1 year,0.6666666666666667,male : single,co-applicant,1.0,unknown / no property,0.30357142857142855,bank,for free,0.0,management/ self-employed/ highly qualified employee/ officer,0.0,"yes, registered under the customers name",yes
no checking account,0.47058823529411764,existing credits paid back duly till now,radio/television,0.1840541432816111,... < 100 DM,>= 7 years,1.0,male : single,none,0.3333333333333333,"car or other, not in attribute 6",0.16071428571428575,none,own,0.0,skilled employee / official,0.0,none,yes
... < 0 DM,0.07352941176470588,existing credits paid back duly till now,car (new),0.06448772972378122,... < 100 DM,< 1 year,0.6666666666666667,male : single,none,0.3333333333333333,unknown / no property,0.14285714285714285,none,for free,0.0,management/ self-employed/ highly qualified employee/ officer,0.0,"yes, registered under the customers name",yes
no checking account,0.38235294117647056,critical account/ other credits existing (not at this bank),radio/television,0.35721360184879497,unknown/ no savings account,4 <= ... < 7 years,0.3333333333333333,male : single,none,0.6666666666666667,building society savings agreement/ life insurance,0.30357142857142855,none,own,0.3333333333333333,skilled employee / official,0.0,none,yes
no checking account,0.2941176470588235,existing credits paid back duly till now,car (used),0.41619896555518876,... < 100 DM,4 <= ... < 7 years,0.6666666666666667,male : single,none,0.6666666666666667,"car or other, not in attribute 6",0.33928571428571425,none,own,0.0,management/ self-employed/ highly qualified employee/ officer,0.0,"yes, registered under the customers name",yes
no checking account,0.2941176470588235,existing credits paid back duly till now,car (used),0.49669858038956755,unknown/ no savings account,1 <= ... < 4 years,0.3333333333333333,male : divorced/separated,none,1.0,unknown / no property,0.5178571428571428,none,for free,0.0,skilled employee / official,0.0,"yes, registered under the customers name",yes
0 <= ... < 200 DM,0.38235294117647056,critical account/ other credits existing (not at this bank),car (new),0.10625068779575217,unknown/ no savings account,>= 7 years,1.0,male : single,none,1.0,real estate,0.30357142857142855,none,own,0.3333333333333333,skilled employee / official,0.0,none,yes
no checking account,0.20588235294117646,critical account/ other credits existing (not at this bank),radio/television,0.04666006382744581,... < 100 DM,unemployed,1.0,female : divorced/separated/married,none,1.0,"car or other, not in attribute 6",0.8214285714285714,none,own,0.3333333333333333,unemployed/ unskilled - non-resident,0.0,none,yes
0 <= ... < 200 DM,0.2941176470588235,existing credits paid back duly till now,furniture/equipment,0.20947507428194126,... < 100 DM,4 <= ... < 7 years,0.6666666666666667,male : divorced/separated,none,0.6666666666666667,"car or other, not in attribute 6",0.42857142857142855,none,own,0.0,skilled employee / official,0.0,"yes, registered under the customers name",yes
... < 0 DM,0.1176470588235294,existing credits paid back duly till now,education,0.029987894794761747,... < 100 DM,< 1 year,1.0,female : divorced/separated/married,none,1.0,building society savings agreement/ life insurance,0.6071428571428572,none,own,0.0,skilled employee / official,0.0,none,yes
0 <= ... < 200 DM,0.2941176470588235,critical account/ other credits existing (not at this bank),business,0.14168592494772753,unknown/ no savings account,4 <= ... < 7 years,1.0,male : single,none,0.6666666666666667,unknown / no property,0.26785714285714285,none,own,0.3333333333333333,skilled employee / official,1.0,"yes, registered under the customers name",yes
0 <= ... < 200 DM,0.6470588235294117,existing credits paid back duly till now,business,0.8485748872014967,... < 100 DM,1 <= ... < 4 years,0.3333333333333333,male : single,none,0.3333333333333333,"car or other, not in attribute 6",0.07142857142857145,none,own,0.0,skilled employee / official,0.0,"yes, registered under the customers name",yes
no checking account,0.47058823529411764,critical account/ other credits existing (not at this bank),car (new),0.350170573346539,... < 100 DM,>= 7 years,1.0,male : single,none,1.0,"car or other, not in attribute 6",0.26785714285714285,none,own,0.3333333333333333,management/ self-employed/ highly qualified employee/ officer,0.0,"yes, registered under the customers name",yes
no checking account,0.3529411764705882,all credits at this bank paid back duly,car (used),0.4167492021569275,unknown/ no savings account,< 1 year,0.6666666666666667,male : single,guarantor,1.0,real estate,0.37499999999999994,bank,rent,0.3333333333333333,skilled employee / official,1.0,"yes, registered under the customers name",yes
... < 0 DM,0.338235294117647,critical account/ other credits existing (not at this bank),business,0.12061186310113349,... < 100 DM,>= 7 years,1.0,male : single,none,1.0,"car or other, not in attribute 6",0.42857142857142855,stores,own,1.0,management/ self-employed/ highly qualified employee/ officer,1.0,"yes, registered under the customers name",yes
no checking account,0.16176470588235292,critical account/ other credits existing (not at this bank),radio/television,0.08688235941454825,... < 100 DM,>= 7 years,1.0,male : single,none,1.0,"car or other, not in attribute 6",0.48214285714285715,none,own,0.3333333333333333,skilled employee / official,0.0,"yes, registered under the customers name",yes
... < 0 DM,0.1176470588235294,critical account/ other credits existing (not at this bank),car (new),0.10570045119401342,... < 100 DM,1 <= ... < 4 years,1.0,male : single,none,1.0,building society savings agreement/ life insurance,0.33928571428571425,bank,own,0.3333333333333333,unskilled - resident,0.0,none,no
0 <= ... < 200 DM,0.47058823529411764,critical account/ other credits existing (not at this bank),car (used),0.30538131396500495,... < 100 DM,1 <= ... < 4 years,0.6666666666666667,male : single,none,1.0,"car or other, not in attribute 6",0.26785714285714285,none,own,0.3333333333333333,skilled employee / official,0.0,"yes, registered under the customers name",yes
no checking account,0.20588235294117646,critical account/ other credits existing (not at this bank),radio/television,0.0505667436997909,unknown/ no savings account,1 <= ... < 4 years,1.0,male : single,none,0.6666666666666667,building society savings agreement/ life insurance,0.17857142857142855,none,own,0.3333333333333333,skilled employee / official,0.0,"yes, registered under the customers name",yes
no checking account,0.47058823529411764,delay in paying off in the past,car (used),0.47854077253218885,unknown/ no savings account,4 <= ... < 7 years,0.6666666666666667,male : single,none,0.3333333333333333,"car or other, not in attribute 6",0.21428571428571425,stores,own,0.0,management/ self-employed/ highly qualified employee/ officer,1.0,"yes, registered under the customers name",yes
... < 0 DM,0.25,existing credits paid back duly till now,radio/television,0.12963574336964895,... < 100 DM,< 1 year,1.0,female : divorced/separated/married,none,1.0,building society savings agreement/ life insurance,0.16071428571428575,none,rent,0.0,management/ self-employed/ highly qualified employee/ officer,0.0,"yes, registered under the customers name",yes
no checking account,0.1176470588235294,critical account/ other credits existing (not at this bank),furniture/equipment,0.07384175195333993,>= 1000 DM,4 <= ... < 7 years,0.6666666666666667,female : divorced/separated/married,none,0.3333333333333333,building society savings agreement/ life insurance,0.28571428571428575,none,own,0.0,skilled employee / official,0.0,none,no
no checking account,0.16176470588235292,existing credits paid back duly till now,furniture/equipment,0.10652580609662154,unknown/ no savings account,4 <= ... < 7 years,0.0,female : divorced/separated/married,none,1.0,real estate,0.25000000000000006,bank,rent,0.0,unskilled - resident,0.0,none,yes
... < 0 DM,0.20588235294117646,existing credits paid back duly till now,furniture/equipment,0.21475734565863322,... < 100 DM,1 <= ... < 4 years,0.3333333333333333,male : single,co-applicant,0.6666666666666667,"car or other, not in attribute 6",0.41071428571428575,none,own,0.0,skilled employee / official,0.0,none,yes
... < 0 DM,0.1764705882352941,critical account/ other credits existing (not at this bank),car (new),0.13068119291295258,... < 100 DM,>= 7 years,0.3333333333333333,male : single,guarantor,1.0,building society savings agreement/ life insurance,0.42857142857142855,bank,rent,0.0,skilled employee / official,0.0,"yes, registered under the customers name",yes
no checking account,0.23529411764705882,critical account/ other credits existing (not at this bank),car (new),0.1780015406624849,unknown/ no savings account,< 1 year,0.3333333333333333,male : divorced/separated,none,1.0,real estate,0.44642857142857145,none,own,0.3333333333333333,skilled employee / official,0.0,"yes, registered under the customers name",yes
no checking account,0.47058823529411764,critical account/ other credits existing (not at this bank),car (used),0.5627269725982172,unknown/ no savings account,>= 7 years,0.3333333333333333,male : single,none,1.0,unknown / no property,0.41071428571428575,none,for free,0.3333333333333333,skilled employee / official,0.0,none,yes
no checking account,0.16176470588235292,existing credits paid back duly till now,radio/television,0.06250687795752173,unknown/ no savings account,1 <= ... < 4 years,1.0,male : married/widowed,none,0.3333333333333333,real estate,0.37499999999999994,none,rent,0.0,skilled employee / official,0.0,"yes, registered under the customers name",yes
no checking account,0.2941176470588235,existing credits paid back duly till now,radio/television,0.056564322658743255,... < 100 DM,>= 7 years,1.0,male : single,none,0.0,real estate,0.30357142857142855,none,own,0.0,management/ self-employed/ highly qualified employee/ officer,0.0,"yes, registered under the customers name",yes
... < 0 DM,0.1176470588235294,existing credits paid back duly till now,radio/television,0.04715527676901067,... < 100 DM,1 <= ... < 4 years,0.3333333333333333,male : single,none,0.3333333333333333,real estate,0.01785714285714285,none,rent,0.0,management/ self-employed/ highly qualified employee/ officer,1.0,"yes, registered under the customers name",yes
... < 0 DM,0.25,existing credits paid back duly till now,car (new),0.19329811819082207,unknown/ no savings account,4 <= ... < 7 years,0.3333333333333333,male : single,co-applicant,0.3333333333333333,real estate,0.0892857142857143,none,own,0.0,unskilled - resident,0.0,none,no
0 <= ... < 200 DM,0.47058823529411764,existing credits paid back duly till now,education,0.1904368878617806,unknown/ no savings account,1 <= ... < 4 years,0.3333333333333333,male : married/widowed,none,0.3333333333333333,"car or other, not in attribute 6",0.14285714285714285,none,own,0.0,skilled employee / official,0.0,none,yes
no checking account,0.16176470588235292,delay in paying off in the past,car (used),0.18399911962143722,... < 100 DM,< 1 year,0.0,female : divorced/separated/married,none,0.3333333333333333,building society savings agreement/ life insurance,0.48214285714285715,none,own,0.3333333333333333,unskilled - resident,0.0,none,yes
0 <= ... < 200 DM,0.07352941176470588,existing credits paid back duly till now,car (new),0.1620446792120612,unknown/ no savings account,1 <= ... < 4 years,0.0,female : divorced/separated/married,none,0.3333333333333333,real estate,0.25000000000000006,none,own,0.0,unskilled - resident,0.0,none,yes
no checking account,0.47058823529411764,delay in paying off in the past,radio/television,0.23131946737096953,... < 100 DM,1 <= ... < 4 years,1.0,female : divorced/separated/married,none,1.0,real estate,0.26785714285714285,none,own,0.3333333333333333,skilled employee / official,0.0,none,yes
0 <= ... < 200 DM,0.2941176470588235,critical account/ other credits existing (not at this bank),furniture/equipment,0.24683613954000222,... < 100 DM,< 1 year,0.3333333333333333,female : divorced/separated/married,none,1.0,"car or other, not in attribute 6",0.10714285714285715,bank,own,0.0,unskilled - resident,0.0,none,yes
0 <= ... < 200 DM,0.38235294117647056,existing credits paid back duly till now,radio/television,0.15081985253659075,unknown/ no savings account,>= 7 years,0.3333333333333333,female : divorced/separated/married,none,1.0,"car or other, not in attribute 6",0.10714285714285715,none,own,0.0,skilled employee / official,0.0,none,yes
no checking account,0.10294117647058824,existing credits paid back duly till now,business,0.10410476504897105,>= 1000 DM,>= 7 years,0.0,male : divorced/separated,none,0.3333333333333333,real estate,0.16071428571428575,none,own,0.0,skilled employee / official,0.0,"yes, registered under the customers name",yes
... < 0 DM,0.2941176470588235,all credits at this bank paid back duly,business,0.16017387476614944,... < 100 DM,1 <= ... < 4 years,1.0,male : single,none,0.3333333333333333,building society savings agreement/ life insurance,0.21428571428571425,none,rent,0.0,skilled employee / official,0.0,"yes, registered under the customers name",yes
0 <= ... < 200 DM,0.6470588235294117,no credits taken/ all credits paid back duly,others,1.0,... < 100 DM,1 <= ... < 4 years,0.0,female : divorced/separated/married,none,0.3333333333333333,building society savings agreement/ life insurance,0.23214285714285715,bank,own,0.0,management/ self-employed/ highly qualified employee/ officer,0.0,"yes, registered under the customers name",no
no checking account,0.08823529411764706,existing credits paid back duly till now,car (used),0.14295146913172666,100 <= ... < 500 DM,1 <= ... < 4 years,0.0,male : single,co-applicant,0.3333333333333333,real estate,0.23214285714285715,none,own,0.0,skilled employee / official,1.0,none,yes
... < 0 DM,0.029411764705882346,existing credits paid back duly till now,car (new),0.8058765269065697,... < 100 DM,>= 7 years,0.0,male : single,none,1.0,unknown / no property,0.875,bank,own,0.0,management/ self-employed/ highly qualified employee/ officer,0.0,"yes, registered under the customers name",yes
... < 0 DM,0.2941176470588235,existing credits paid back duly till now,furniture/equipment,0.11604489930670188,100 <= ... < 500 DM,unemployed,0.0,male : divorced/separated,none,0.0,building society savings agreement/ life insurance,0.25000000000000006,none,own,0.0,skilled employee / official,0.0,none,yes
... < 0 DM,0.2941176470588235,existing credits paid back duly till now,furniture/equipment,0.17029822823814242,... < 100 DM,>= 7 years,1.0,male : single,none,0.3333333333333333,building society savings agreement/ life insurance,0.35714285714285715,none,rent,0.0,management/ self-employed/ highly qualified employee/ officer,0.0,"yes, registered under the customers name",yes
no checking account,0.20588235294117646,critical account/ other credits existing (not at this bank),furniture/equipment,0.08622207549246176,... < 100 DM,1 <= ... < 4 years,1.0,female : divorced/separated/married,none,0.3333333333333333,unknown / no property,0.16071428571428575,none,own,0.3333333333333333,skilled employee / official,0.0,none,yes
no checking account,0.6470588235294117,delay in paying off in the past,radio/television,0.6877407285132606,500 <= ... < 1000 DM,4 <= ... < 7 years,1.0,male : single,none,0.0,"car or other, not in attribute 6",0.32142857142857145,none,own,0.0,management/ self-employed/ highly qualified employee/ officer,0.0,"yes, registered under the customers name",yes
... < 0 DM,0.07352941176470588,existing credits paid back duly till now,radio/television,0.06140640475404424,... < 100 DM,< 1 year,0.6666666666666667,female : divorced/separated/married,none,1.0,building society savings agreement/ life insurance,0.0535714285714286,none,rent,0.0,skilled employee / official,0.0,none,yes
0 <= ... < 200 DM,0.1176470588235294,existing credits paid back duly till now,car (new),0.09640145262462858,... < 100 DM,4 <= ... < 7 years,0.6666666666666667,male : single,none,1.0,building society savings agreement/ life insurance,0.19642857142857145,none,rent,0.0,skilled employee / official,1.0,"yes, registered under the customers name",yes
... < 0 DM,0.2941176470588235,all credits at this bank paid back duly,furniture/equipment,0.36436667767139874,... < 100 DM,< 1 year,0.3333333333333333,male : divorced/separated,none,0.0,building society savings agreement/ life insurance,0.6428571428571428,bank,own,0.0,skilled employee / official,0.0,"yes, registered under the customers name",yes
... < 0 DM,0.1176470588235294,all credits at this bank paid back duly,car (new),0.024595576097722022,... < 100 DM,< 1 year,1.0,male : single,none,0.3333333333333333,"car or other, not in attribute 6",0.48214285714285715,bank,own,0.3333333333333333,skilled employee / official,0.0,"yes, registered under the customers name",yes
... < 0 DM,0.20588235294117646,critical account/ other credits existing (not at this bank),furniture/equipment,0.04396390447892594,... < 100 DM,< 1 year,1.0,female : divorced/separated/married,none,1.0,building society savings agreement/ life insurance,0.035714285714285754,none,rent,0.0,skilled employee / official,0.0,none,yes
... < 0 DM,0.6470588235294117,existing credits paid back duly till now,car (used),0.5528227137669197,... < 100 DM,4 <= ... < 7 years,1.0,male : single,none,1.0,unknown / no property,0.35714285714285715,stores,for free,0.6666666666666667,skilled employee / official,1.0,"yes, registered under the customers name",yes
no checking account,0.38235294117647056,existing credits paid back duly till now,radio/television,0.08897325850115549,unknown/ no savings account,>= 7 years,1.0,male : single,none,1.0,"car or other, not in attribute 6",0.6964285714285714,none,own,0.0,skilled employee / official,0.0,"yes, registered under the customers name",yes
... < 0 DM,0.1176470588235294,delay in paying off in the past,car (new),0.06019588423021899,... < 100 DM,1 <= ... < 4 years,1.0,male : single,none,0.3333333333333333,real estate,0.42857142857142855,none,own,0.3333333333333333,unskilled - resident,1.0,none,yes
... < 0 DM,0.2941176470588235,existing credits paid back duly till now,furniture/equipment,0.08237041928029053,... < 100 DM,< 1 year,1.0,male : single,co-applicant,0.0,building society savings agreement/ life insurance,0.0892857142857143,none,own,0.0,unskilled - resident,0.0,none,no
0 <= ... < 200 DM,0.07352941176470588,existing credits paid back duly till now,radio/television,0.07813359744690217,... < 100 DM,< 1 year,1.0,female : divorced/separated/married,none,0.3333333333333333,"car or other, not in attribute 6",0.0535714285714286,none,own,0.0,skilled employee / official,0.0,"yes, registered under the customers name",yes
no checking account,0.07352941176470588,critical account/ other credits existing (not at this bank),car (new),0.05359304500935402,... < 100 DM,1 <= ... < 4 years,0.6666666666666667,male : single,none,0.0,real estate,0.19642857142857145,none,own,0.3333333333333333,skilled employee / official,0.0,none,yes
no checking account,0.1176470588235294,critical account/ other credits existing (not at this bank),radio/television,0.014966435567293938,500 <= ... < 1000 DM,>= 7 years,1.0,male : single,none,1.0,building society savings agreement/ life insurance,0.41071428571428575,none,own,0.3333333333333333,skilled employee / official,1.0,"yes, registered under the customers name",yes
... < 0 DM,0.1176470588235294,existing credits paid back duly till now,radio/television,0.06866952789699571,... < 100 DM,1 <= ... < 4 years,1.0,female : divorced/separated/married,none,0.0,"car or other, not in attribute 6",0.07142857142857145,bank,own,0.0,skilled employee / official,0.0,none,yes
0 <= ... < 200 DM,0.38235294117647056,delay in paying off in the past,radio/television,0.09183448883019699,100 <= ... < 500 DM,< 1 year,1.0,male : single,none,0.6666666666666667,unknown / no property,0.19642857142857145,stores,own,0.3333333333333333,management/ self-employed/ highly qualified employee/ officer,0.0,none,yes
... >= 200 DM / salary assignments for at least 1 year,0.07352941176470588,existing credits paid back duly till now,radio/television,0.02723671178606801,... < 100 DM,1 <= ... < 4 years,0.6666666666666667,female : divorced/separated/married,none,0.3333333333333333,real estate,0.16071428571428575,none,own,0.0,unskilled - resident,0.0,none,yes
0 <= ... < 200 DM,0.029411764705882346,existing credits paid back duly till now,radio/television,0.09975789589523495,... < 100 DM,< 1 year,1.0,male : married/widowed,none,0.6666666666666667,"car or other, not in attribute 6",0.19642857142857145,none,rent,0.0,management/ self-employed/ highly qualified employee/ officer,0.0,"yes, registered under the customers name",yes
0 <= ... < 200 DM,0.8235294117647058,existing credits paid back duly till now,education,0.33223286012985587,... < 100 DM,1 <= ... < 4 years,1.0,male : single,none,1.0,unknown / no property,0.41071428571428575,none,for free,0.0,skilled employee / official,0.0,none,yes
no checking account,0.2941176470588235,critical account/ other credits existing (not at this bank),car (used),0.3627159678661825,unknown/ no savings account,1 <= ... < 4 years,0.3333333333333333,male : single,none,1.0,building society savings agreement/ life insurance,0.48214285714285715,none,own,0.3333333333333333,management/ self-employed/ highly qualified employee/ officer,1.0,"yes, registered under the customers name",yes
no checking account,0.1176470588235294,existing credits paid back duly till now,car (new),0.18031253438978762,unknown/ no savings account,< 1 year,0.3333333333333333,male : single,none,0.6666666666666667,building society savings agreement/ life insurance,0.46428571428571425,none,own,0.0,management/ self-employed/ highly qualified employee/ officer,1.0,"yes, registered under the customers name",yes
no checking account,0.08823529411764706,existing credits paid back duly till now,car (new),0.07131066358534169,... < 100 DM,1 <= ... < 4 years,0.6666666666666667,male : single,none,0.3333333333333333,real estate,0.21428571428571425,none,own,0.0,unskilled - resident,1.0,none,no
no checking account,0.2941176470588235,existing credits paid back duly till now,furniture/equipment,0.03736106525806096,unknown/ no savings account,4 <= ... < 7 years,1.0,male : single,none,0.3333333333333333,"car or other, not in attribute 6",0.21428571428571425,stores,own,0.0,skilled employee / official,0.0,"yes, registered under the customers name",yes
no checking account,0.0,critical account/ other credits existing (not at this bank),car (new),0.06630351050951909,... < 100 DM,4 <= ... < 7 years,0.3333333333333333,male : single,none,0.0,real estate,0.41071428571428575,none,own,0.6666666666666667,unskilled - resident,1.0,none,yes
... < 0 DM,0.16176470588235292,existing credits paid back duly till now,furniture/equipment,0.08776273797733025,... < 100 DM,< 1 year,1.0,female : divorced/separated/married,guarantor,0.0,building society savings agreement/ life insurance,0.48214285714285715,none,rent,0.0,skilled employee / official,0.0,none,yes
0 <= ... < 200 DM,0.6470588235294117,no credits taken/ all credits paid back duly,car (new),0.44613183668977663,500 <= ... < 1000 DM,< 1 year,0.0,female : divorced/separated/married,none,0.0,"car or other, not in attribute 6",0.19642857142857145,none,own,0.3333333333333333,skilled employee / official,0.0,none,yes
... < 0 DM,0.2941176470588235,all credits at this bank paid back duly,furniture/equipment,0.17051832287883792,500 <= ... < 1000 DM,< 1 year,1.0,male : single,none,1.0,unknown / no property,0.19642857142857145,none,for free,0.0,skilled employee / official,1.0,"yes, registered under the customers name",yes
no checking account,0.1176470588235294,existing credits paid back duly till now,car (new),0.14355672939363928,unknown/ no savings account,unemployed,1.0,male : single,none,1.0,unknown / no property,0.33928571428571425,none,own,0.0,management/ self-employed/ highly qualified employee/ officer,0.0,"yes, registered under the customers name",yes
no checking account,0.20588235294117646,existing credits paid back duly till now,furniture/equipment,0.07059535600308132,... < 100 DM,< 1 year,1.0,male : married/widowed,co-applicant,0.0,building society savings agreement/ life insurance,0.42857142857142855,none,own,0.0,unskilled - resident,1.0,none,yes
no checking account,0.2941176470588235,existing credits paid back duly till now,radio/television,0.18548475844613185,100 <= ... < 500 DM,>= 7 years,0.3333333333333333,male : single,none,1.0,"car or other, not in attribute 6",0.21428571428571425,none,own,0.3333333333333333,skilled employee / official,0.0,none,yes
0 <= ... < 200 DM,0.20588235294117646,critical account/ other credits existing (not at this bank),business,0.18377902498074172,... < 100 DM,unemployed,0.6666666666666667,male : married/widowed,none,0.6666666666666667,"car or other, not in attribute 6",0.37499999999999994,none,own,0.6666666666666667,unemployed/ unskilled - non-resident,1.0,"yes, registered under the customers name",yes
... < 0 DM,0.47058823529411764,delay in paying off in the past,business,0.10426983602949268,... < 100 DM,4 <= ... < 7 years,0.3333333333333333,male : single,none,0.0,"car or other, not in attribute 6",0.0892857142857143,none,own,0.3333333333333333,skilled employee / official,0.0,"yes, registered under the customers name",yes
0 <= ... < 200 DM,0.2941176470588235,existing credits paid back duly till now,car (used),0.21255639925167824,500 <= ... < 1000 DM,< 1 year,0.6666666666666667,female : divorced/separated/married,none,1.0,"car or other, not in attribute 6",0.16071428571428575,none,rent,0.0,skilled employee / official,0.0,none,yes
no checking account,0.47058823529411764,existing credits paid back duly till now,furniture/equipment,0.590073731704633,... < 100 DM,unemployed,1.0,female : divorced/separated/married,none,0.3333333333333333,"car or other, not in attribute 6",0.125,none,own,0.3333333333333333,management/ self-employed/ highly qualified employee/ officer,0.0,"yes, registered under the customers name",yes
... < 0 DM,0.1176470588235294,existing credits paid back duly till now,car (new),0.09040387366567623,... < 100 DM,1 <= ... < 4 years,1.0,female : divorced/separated/married,guarantor,1.0,building society savings agreement/ life insurance,0.17857142857142855,none,own,0.0,skilled employee / official,0.0,"yes, registered under the customers name",yes
... < 0 DM,0.2941176470588235,critical account/ other credits existing (not at this bank),radio/television,0.05397821063057115,>= 1000 DM,>= 7 years,1.0,female : divorced/separated/married,none,1.0,building society savings agreement/ life insurance,0.6785714285714286,none,rent,0.3333333333333333,management/ self-employed/ highly qualified employee/ officer,0.0,"yes, registered under the customers name",yes
... >= 200 DM / salary assignments for at least 1 year,0.38235294117647056,critical account/ other credits existing (not at this bank),radio/television,0.18741058655221746,unknown/ no savings account,>= 7 years,1.0,male : single,none,1.0,building society savings agreement/ life insurance,0.5357142857142858,stores,own,0.3333333333333333,unskilled - resident,0.0,none,yes
0 <= ... < 200 DM,0.07352941176470588,critical account/ other credits existing (not at this bank),radio/television,0.04974138879718279,... < 100 DM,>= 7 years,0.3333333333333333,male : single,none,1.0,real estate,0.32142857142857145,none,own,0.6666666666666667,unskilled - resident,0.0,none,yes
... < 0 DM,0.3529411764705882,existing credits paid back duly till now,car (new),0.20666886761307363,... < 100 DM,1 <= ... < 4 years,0.6666666666666667,male : single,none,0.3333333333333333,"car or other, not in attribute 6",0.46428571428571425,none,own,0.0,unskilled - resident,0.0,none,yes
0 <= ... < 200 DM,0.2941176470588235,existing credits paid back duly till now,furniture/equipment,0.15511169803015298,100 <= ... < 500 DM,>= 7 years,1.0,male : single,none,1.0,unknown / no property,0.19642857142857145,none,for free,0.0,skilled employee / official,0.0,none,yes
no checking account,0.029411764705882346,critical account/ other credits existing (not at this bank),radio/television,0.0819852536590734,... < 100 DM,>= 7 years,0.3333333333333333,male : married/widowed,none,0.3333333333333333,real estate,0.19642857142857145,none,rent,0.3333333333333333,skilled employee / official,0.0,none,yes
0 <= ... < 200 DM,0.25,delay in paying off in the past,car (new),0.11571475734565863,... < 100 DM,1 <= ... < 4 years,0.0,male : divorced/separated,none,1.0,building society savings agreement/ life insurance,0.49999999999999994,none,own,0.3333333333333333,skilled employee / official,0.0,none,yes
no checking account,0.16176470588235292,existing credits paid back duly till now,car (new),0.18190822053483,unknown/ no savings account,1 <= ... < 4 years,0.6666666666666667,male : single,none,0.3333333333333333,unknown / no property,0.17857142857142855,none,own,0.0,skilled employee / official,0.0,none,yes
no checking account,0.2941176470588235,existing credits paid back duly till now,radio/television,0.11813579839330911,500 <= ... < 1000 DM,>= 7 years,0.6666666666666667,male : single,none,0.3333333333333333,"car or other, not in attribute 6",0.28571428571428575,bank,own,0.3333333333333333,skilled employee / official,0.0,"yes, registered under the customers name",yes
0 <= ... < 200 DM,0.029411764705882346,existing credits paid back duly till now,repairs,0.011224826675470454,... < 100 DM,< 1 year,0.6666666666666667,male : married/widowed,none,0.0,building society savings agreement/ life insurance,0.0535714285714286,none,own,0.0,unskilled - resident,0.0,none,yes
0 <= ... < 200 DM,0.38235294117647056,existing credits paid back duly till now,radio/television,0.08060966215472654,unknown/ no savings account,1 <= ... < 4 years,1.0,female : divorced/separated/married,none,0.0,"car or other, not in attribute 6",0.125,none,own,0.0,skilled employee / official,0.0,none,yes
0 <= ... < 200 DM,0.338235294117647,critical account/ other credits existing (not at this bank),radio/television,0.12490370859469573,500 <= ... < 1000 DM,1 <= ... < 4 years,1.0,male : single,none,0.3333333333333333,building society savings agreement/ life insurance,0.07142857142857145,none,own,0.3333333333333333,unskilled - resident,0.0,none,yes
no checking account,0.16176470588235292,existing credits paid back duly till now,radio/television,0.1825685044569165,... < 100 DM,>= 7 years,1.0,female : divorced/separated/married,none,0.3333333333333333,"car or other, not in attribute 6",0.625,bank,rent,0.0,management/ self-employed/ highly qualified employee/ officer,0.0,"yes, registered under the customers name",yes
no checking account,0.5588235294117647,existing credits paid back duly till now,radio/television,0.3805436337625179,unknown/ no savings account,4 <= ... < 7 years,0.3333333333333333,male : married/widowed,none,1.0,building society savings agreement/ life insurance,0.17857142857142855,none,rent,0.0,skilled employee / official,0.0,"yes, registered under the customers name",yes
... < 0 DM,0.10294117647058824,critical account/ other credits existing (not at this bank),car (new),0.20298228238142402,... < 100 DM,1 <= ... < 4 years,0.0,male : single,none,0.3333333333333333,real estate,0.37499999999999994,none,own,0.3333333333333333,unskilled - resident,1.0,none,yes
0 <= ... < 200 DM,0.16176470588235292,existing credits paid back duly till now,repairs,0.0695499064597777,100 <= ... < 500 DM,1 <= ... < 4 years,1.0,male : single,guarantor,0.3333333333333333,real estate,0.0535714285714286,none,own,0.0,skilled employee / official,0.0,none,yes
no checking account,0.2941176470588235,existing credits paid back duly till now,car (new),0.39303400462198745,... < 100 DM,1 <= ... < 4 years,0.0,male : single,none,1.0,building society savings agreement/ life insurance,0.42857142857142855,none,own,0.0,unskilled - resident,1.0,none,yes
... < 0 DM,0.2941176470588235,all credits at this bank paid back duly,car (new),0.05188731154396391,... < 100 DM,unemployed,0.0,female : divorced/separated/married,co-applicant,1.0,unknown / no property,0.17857142857142855,none,rent,0.3333333333333333,unemployed/ unskilled - non-resident,0.0,none,yes
... < 0 DM,0.8235294117647058,existing credits paid back duly till now,business,0.3877517332452955,... < 100 DM,>= 7 years,1.0,male : single,co-applicant,1.0,unknown / no property,0.30357142857142855,none,rent,0.0,skilled employee / official,0.0,none,yes
no checking account,0.38235294117647056,critical account/ other credits existing (not at this bank),radio/television,0.14201606690877078,... < 100 DM,1 <= ... < 4 years,1.0,female : divorced/separated/married,none,0.3333333333333333,"car or other, not in attribute 6",0.25000000000000006,none,own,0.0,skilled employee / official,0.0,"yes, registered under the customers name",yes
... >= 200 DM / salary assignments for at least 1 year,0.2941176470588235,existing credits paid back duly till now,radio/television,0.055463849455265765,500 <= ... < 1000 DM,1 <= ... < 4 years,0.6666666666666667,female : divorced/separated/married,none,0.6666666666666667,"car or other, not in attribute 6",0.6785714285714286,none,own,0.0,unskilled - resident,0.0,none,yes
0 <= ... < 200 DM,0.029411764705882346,existing credits paid back duly till now,radio/television,0.02767690106745901,... < 100 DM,1 <= ... < 4 years,0.3333333333333333,female : divorced/separated/married,guarantor,0.6666666666666667,real estate,0.8035714285714286,none,own,0.0,skilled employee / official,0.0,none,yes
0 <= ... < 200 DM,0.20588235294117646,delay in paying off in the past,business,0.11978650819852536,unknown/ no savings account,>= 7 years,1.0,male : single,none,0.3333333333333333,building society savings agreement/ life insurance,0.41071428571428575,none,own,0.3333333333333333,skilled employee / official,0.0,none,yes
no checking account,0.2941176470588235,delay in paying off in the past,car (new),0.12589413447782546,... < 100 DM,>= 7 years,1.0,male : single,none,1.0,"car or other, not in attribute 6",0.49999999999999994,none,own,0.3333333333333333,unskilled - resident,1.0,none,yes
0 <= ... < 200 DM,0.16176470588235292,all credits at this bank paid back duly,car (new),0.055793991416309016,100 <= ... < 500 DM,1 <= ... < 4 years,0.3333333333333333,male : married/widowed,none,0.3333333333333333,building society savings agreement/ life insurance,0.10714285714285715,none,rent,0.0,skilled employee / official,0.0,none,yes
0 <= ... < 200 DM,0.38235294117647056,critical account/ other credits existing (not at this bank),furniture/equipment,0.44767249917464513,... < 100 DM,4 <= ... < 7 years,0.3333333333333333,male : single,none,0.3333333333333333,building society savings agreement/ life insurance,0.5357142857142858,none,own,0.0,skilled employee / official,0.0,none,yes
no checking account,0.6470588235294117,existing credits paid back duly till now,business,0.2527786948387807,... < 100 DM,unemployed,0.6666666666666667,male : single,none,0.3333333333333333,"car or other, not in attribute 6",0.25000000000000006,bank,rent,0.0,management/ self-employed/ highly qualified employee/ officer,0.0,"yes, registered under the customers name",yes
... >= 200 DM / salary assignments for at least 1 year,0.25,existing credits paid back duly till now,car (new),0.14707824364476726,100 <= ... < 500 DM,1 <= ... < 4 years,0.0,female : divorced/separated/married,none,0.0,"car or other, not in attribute 6",0.16071428571428575,bank,own,0.0,management/ self-employed/ highly qualified employee/ officer,0.0,"yes, registered under the customers name",yes
... < 0 DM,0.47058823529411764,existing credits paid back duly till now,car (used),0.43903378452734676,... < 100 DM,1 <= ... < 4 years,0.3333333333333333,male : single,none,0.3333333333333333,building society savings agreement/ life insurance,0.125,none,own,0.0,skilled employee / official,1.0,none,yes
no checking account,0.2941176470588235,critical account/ other credits existing (not at this bank),furniture/equipment,0.09783206778914934,... < 100 DM,4 <= ... < 7 years,0.3333333333333333,male : single,none,0.3333333333333333,building society savings agreement/ life insurance,0.19642857142857145,none,own,0.3333333333333333,unskilled - resident,0.0,none,yes
... < 0 DM,0.16176470588235292,critical account/ other credits existing (not at this bank),furniture/equipment,0.06509298998569385,... < 100 DM,1 <= ... < 4 years,1.0,female : divorced/separated/married,none,0.6666666666666667,building society savings agreement/ life insurance,0.10714285714285715,none,rent,0.3333333333333333,skilled employee / official,0.0,none,yes
... >= 200 DM / salary assignments for at least 1 year,0.5588235294117647,no credits taken/ all credits paid back duly,business,0.3322878837900297,... < 100 DM,< 1 year,0.3333333333333333,male : divorced/separated,none,0.0,building society savings agreement/ life insurance,0.25000000000000006,none,own,0.3333333333333333,skilled employee / official,0.0,none,yes
no checking account,0.13235294117647056,existing credits paid back duly till now,radio/television,0.06377242214152085,100 <= ... < 500 DM,unemployed,0.3333333333333333,female : divorced/separated/married,none,1.0,real estate,0.8035714285714286,none,own,0.0,skilled employee / official,0.0,none,yes
... < 0 DM,0.2941176470588235,existing credits paid back duly till now,car (used),0.3482447452404534,... < 100 DM,unemployed,1.0,male : single,none,0.3333333333333333,unknown / no property,0.17857142857142855,none,for free,0.0,management/ self-employed/ highly qualified employee/ officer,0.0,"yes, registered under the customers name",yes
0 <= ... < 200 DM,0.2941176470588235,critical account/ other credits existing (not at this bank),radio/television,0.08215032463959503,... < 100 DM,>= 7 years,1.0,male : single,none,0.3333333333333333,building society savings agreement/ life insurance,0.5178571428571428,none,own,0.3333333333333333,unskilled - resident,0.0,none,yes
no checking account,0.1176470588235294,critical account/ other credits existing (not at this bank),education,0.18240343347639487,unknown/ no savings account,< 1 year,0.3333333333333333,male : single,none,0.0,building society savings agreement/ life insurance,0.32142857142857145,none,own,0.3333333333333333,unskilled - resident,1.0,none,yes
no checking account,0.16176470588235292,all credits at this bank paid back duly,radio/television,0.07257620776934082,100 <= ... < 500 DM,>= 7 years,1.0,male : single,none,1.0,"car or other, not in attribute 6",0.26785714285714285,bank,own,0.0,unskilled - resident,1.0,none,yes
... < 0 DM,0.20588235294117646,existing credits paid back duly till now,radio/television,0.09276989105315285,unknown/ no savings account,4 <= ... < 7 years,0.3333333333333333,male : married/widowed,none,1.0,"car or other, not in attribute 6",0.07142857142857145,none,rent,0.3333333333333333,unskilled - resident,0.0,none,yes
... < 0 DM,0.47058823529411764,existing credits paid back duly till now,furniture/equipment,0.20408275558490152,... < 100 DM,unemployed,1.0,male : single,none,0.6666666666666667,building society savings agreement/ life insurance,0.19642857142857145,none,own,0.0,management/ self-employed/ highly qualified employee/ officer,0.0,"yes, registered under the customers name",yes
no checking account,0.1176470588235294,existing credits paid back duly till now,car (new),0.11775063277209201,unknown/ no savings account,>= 7 years,1.0,male : single,none,0.6666666666666667,"car or other, not in attribute 6",0.5535714285714286,none,own,0.0,skilled employee / official,0.0,"yes, registered under the customers name",yes
no checking account,0.1176470588235294,existing credits paid back duly till now,furniture/equipment,0.0817651590183779,... < 100 DM,4 <= ... < 7 years,0.6666666666666667,female : divorced/separated/married,none,1.0,real estate,0.21428571428571425,none,own,0.0,unskilled - resident,0.0,none,yes
... < 0 DM,0.38235294117647056,existing credits paid back duly till now,car (used),0.19847034224716628,... < 100 DM,1 <= ... < 4 years,1.0,male : divorced/separated,none,1.0,building society savings agreement/ life insurance,0.37499999999999994,none,own,0.0,management/ self-employed/ highly qualified employee/ officer,0.0,"yes, registered under the customers name",yes
no checking account,0.1176470588235294,existing credits paid back duly till now,radio/television,0.030483107736326624,... < 100 DM,>= 7 years,1.0,male : single,none,1.0,"car or other, not in attribute 6",0.33928571428571425,none,own,0.0,skilled employee / official,0.0,none,yes
... < 0 DM,0.6029411764705882,existing credits paid back duly till now,radio/television,0.08776273797733025,... < 100 DM,1 <= ... < 4 years,1.0,male : single,none,1.0,unknown / no property,0.07142857142857145,none,for free,0.0,skilled employee / official,0.0,"yes, registered under the customers name",yes
0 <= ... < 200 DM,0.6029411764705882,critical account/ other credits existing (not at this bank),car (used),0.23803235391218225,100 <= ... < 500 DM,unemployed,0.6666666666666667,male : single,none,1.0,"car or other, not in attribute 6",0.14285714285714285,none,own,0.0,skilled employee / official,0.0,none,yes
